player_id,Name,team_id,team_name,Team,PA,AVG,OBP,SLG,OPS,SO,BB,K%,BB%
571771,Enrique Hernández,119,Los Angeles Dodgers,,4,1.0,1.0,2.25,3.25,0,0,0.0,0.0
694224,Gabriel Gonzalez,142,Minnesota Twins,,4,0.5,0.75,0.5,1.25,0,2,0.0,50.0
683021,Michael Stefanic,133,Athletics,,5,0.4,0.4,0.4,0.8,1,0,20.0,0.0
676369,Nelson Velázquez,138,St. Louis Cardinals,,11,0.4,0.455,0.7,1.155,2,0,18.181818181818183,0.0
683734,Andrew Vaughn,158,Milwaukee Brewers,,73,0.354,0.425,0.508,0.933,8,6,10.95890410958904,8.21917808219178
640492,José Azócar,144,Atlanta Braves,,16,0.333,0.375,0.467,0.842,3,1,18.75,6.25
672012,Tyler Black,158,Milwaukee Brewers,,28,0.333,0.357,0.481,0.838,7,1,25.0,3.571428571428571
682997,Tyler Callihan,134,Pittsburgh Pirates,,5,0.333,0.6,0.667,1.267,0,2,0.0,40.0
699625,Jimmy Crooks,138,St. Louis Cardinals,,9,0.333,0.333,0.444,0.777,2,0,22.22222222222222,0.0
681508,Mickey Gasper,111,Boston Red Sox,,60,0.333,0.373,0.389,0.762,13,3,21.666666666666668,5.0
691783,Jordan Lawlar,109,Arizona Diamondbacks,,20,0.333,0.4,0.556,0.956,6,1,30.0,5.0
683079,Omar Martinez,108,Los Angeles Angels,,3,0.333,0.333,0.333,0.666,1,0,33.33333333333333,0.0
672640,Otto Lopez,146,Miami Marlins,,262,0.332,0.363,0.471,0.834,41,10,15.648854961832063,3.816793893129771
669016,Brandon Marsh,143,Philadelphia Phillies,,207,0.332,0.362,0.482,0.844,46,10,22.22222222222222,4.830917874396135
650333,Luis Arraez,137,San Francisco Giants,,253,0.323,0.365,0.434,0.799,10,15,3.9525691699604746,5.928853754940711
685133,Wade Meckler,108,Los Angeles Angels,,33,0.323,0.364,0.581,0.945,4,2,12.121212121212121,6.0606060606060606
691740,Daniel Susac,137,San Francisco Giants,,70,0.323,0.377,0.419,0.796,16,5,22.857142857142858,7.142857142857142
666126,Carlos Cortes,133,Athletics,,162,0.321,0.407,0.507,0.914,16,19,9.876543209876543,11.728395061728394
642086,Dominic Smith,144,Atlanta Braves,,136,0.317,0.348,0.484,0.832,20,6,14.705882352941178,4.411764705882353
687859,Troy Johnston,115,Colorado Rockies,,212,0.316,0.374,0.43,0.804,43,16,20.28301886792453,7.547169811320755
650490,Yandy Díaz,139,Tampa Bay Rays,,244,0.313,0.393,0.523,0.916,32,22,13.114754098360656,9.01639344262295
693304,Nick Gonzales,134,Pittsburgh Pirates,,221,0.312,0.367,0.371,0.738,38,15,17.194570135746606,6.787330316742081
664770,Nathan Lukes,141,Toronto Blue Jays,,85,0.312,0.357,0.39,0.747,12,3,14.117647058823529,3.5294117647058822
682985,Riley Greene,116,Detroit Tigers,,263,0.311,0.403,0.461,0.864,74,33,28.13688212927757,12.547528517110266
669364,Xavier Edwards,146,Miami Marlins,,269,0.311,0.396,0.468,0.864,31,33,11.524163568773234,12.267657992565056
676724,Jared Young,121,New York Mets,,49,0.31,0.388,0.524,0.912,12,6,24.489795918367346,12.244897959183673
673962,Josh Jung,140,Texas Rangers,,235,0.308,0.362,0.481,0.843,37,17,15.74468085106383,7.234042553191489
645302,Victor Robles,136,Seattle Mariners,,26,0.308,0.308,0.385,0.693,6,0,23.076923076923077,0.0
694371,Tommy Troy,109,Arizona Diamondbacks,,29,0.308,0.379,0.5,0.879,4,3,13.793103448275861,10.344827586206897
808982,Jung Hoo Lee,137,San Francisco Giants,,213,0.307,0.343,0.432,0.775,22,10,10.328638497652582,4.694835680751173
671739,Michael Harris II,144,Atlanta Braves,,221,0.306,0.339,0.526,0.865,41,10,18.552036199095024,4.524886877828054
700250,Ben Rice,147,New York Yankees,,234,0.305,0.397,0.65,1.047,53,30,22.64957264957265,12.82051282051282
622761,Jorge Mateo,144,Atlanta Braves,,87,0.305,0.345,0.5,0.845,25,5,28.735632183908045,5.747126436781609
670541,Yordan Alvarez,117,Houston Astros,,267,0.305,0.419,0.645,1.064,48,40,17.97752808988764,14.981273408239701
642350,Jose Siri,108,Los Angeles Angels,,24,0.304,0.333,0.652,0.985,7,1,29.166666666666668,4.166666666666666
682818,Yohendrick Piñango,141,Toronto Blue Jays,,94,0.303,0.34,0.449,0.789,20,5,21.27659574468085,5.319148936170213
686948,Drake Baldwin,144,Atlanta Braves,,216,0.303,0.389,0.543,0.932,44,24,20.37037037037037,11.11111111111111
676391,Ernie Clement,141,Toronto Blue Jays,,240,0.303,0.325,0.45,0.775,20,8,8.333333333333332,3.3333333333333335
622268,Donovan Walton,108,Los Angeles Angels,,35,0.303,0.343,0.394,0.737,7,2,20.0,5.714285714285714
606115,Orlando Arcia,142,Minnesota Twins,,31,0.3,0.323,0.333,0.656,6,1,19.35483870967742,3.225806451612903
682848,Endy Rodríguez,134,Pittsburgh Pirates,,43,0.3,0.5,0.467,0.967,9,12,20.930232558139537,27.906976744186046
643396,Isiah Kiner-Falefa,111,Boston Red Sox,,86,0.299,0.365,0.364,0.729,13,8,15.11627906976744,9.30232558139535
665489,Vladimir Guerrero Jr.,141,Toronto Blue Jays,,249,0.297,0.39,0.387,0.777,25,30,10.040160642570282,12.048192771084338
665742,Juan Soto,121,New York Mets,,191,0.297,0.384,0.57,0.954,28,24,14.659685863874344,12.56544502617801
680777,Ryan Jeffers,142,Minnesota Twins,,148,0.295,0.408,0.541,0.949,23,23,15.54054054054054,15.54054054054054
677587,Brayan Rocchio,114,Cleveland Guardians,,220,0.295,0.376,0.416,0.792,27,20,12.272727272727273,9.090909090909092
677649,Ezequiel Duran,140,Texas Rangers,,188,0.294,0.348,0.465,0.813,45,15,23.93617021276596,7.9787234042553195
656577,Alex Jackson,142,Minnesota Twins,,17,0.294,0.294,0.353,0.647,9,0,52.94117647058824,0.0
663604,Brandon Lockridge,158,Milwaukee Brewers,,96,0.294,0.368,0.341,0.709,25,10,26.041666666666668,10.416666666666668
680474,Max Schuemann,147,New York Yankees,,24,0.294,0.5,0.471,0.971,5,7,20.833333333333336,29.166666666666668
663968,Jake Mangum,134,Pittsburgh Pirates,,123,0.294,0.355,0.339,0.694,23,9,18.69918699186992,7.317073170731707
656811,Ryan O'Hearn,134,Pittsburgh Pirates,,191,0.293,0.372,0.473,0.845,37,20,19.3717277486911,10.471204188481675
661388,William Contreras,158,Milwaukee Brewers,,241,0.293,0.357,0.395,0.752,31,22,12.863070539419086,9.12863070539419
660271,Shohei Ohtani,119,Los Angeles Dodgers,,264,0.293,0.411,0.516,0.927,59,40,22.348484848484848,15.151515151515152
681624,Andy Pages,119,Los Angeles Dodgers,,251,0.293,0.339,0.533,0.872,47,16,18.725099601593627,6.374501992031872
683953,Travis Bazzana,114,Cleveland Guardians,,131,0.292,0.382,0.451,0.833,25,15,19.083969465648856,11.450381679389313
805779,Jacob Wilson,133,Athletics,,168,0.292,0.311,0.398,0.709,20,5,11.904761904761903,2.976190476190476
803011,Sam Antonacci,145,Chicago White Sox,,177,0.291,0.383,0.391,0.774,26,11,14.689265536723164,6.214689265536723
664983,Jake McCarthy,115,Colorado Rockies,,169,0.291,0.337,0.477,0.814,32,11,18.93491124260355,6.508875739644971
814439,Ryan Waldschmidt,109,Arizona Diamondbacks,,87,0.291,0.349,0.38,0.729,28,7,32.18390804597701,8.045977011494253
666211,Taylor Trammell,117,Houston Astros,,61,0.291,0.35,0.382,0.732,21,4,34.42622950819672,6.557377049180328
668709,JJ Bleday,113,Cincinnati Reds,,137,0.291,0.387,0.632,1.019,26,19,18.97810218978102,13.86861313868613
669743,Alex Call,119,Los Angeles Dodgers,,75,0.29,0.4,0.371,0.771,8,11,10.666666666666668,14.666666666666666
650391,Eloy Jiménez,141,Toronto Blue Jays,,35,0.29,0.343,0.29,0.633,7,3,20.0,8.571428571428571
545121,Ildemaro Vargas,109,Arizona Diamondbacks,,219,0.29,0.318,0.454,0.772,21,8,9.58904109589041,3.65296803652968
671976,Tristan Peters,145,Chicago White Sox,,170,0.289,0.349,0.414,0.763,33,12,19.411764705882355,7.0588235294117645
682998,Corbin Carroll,109,Arizona Diamondbacks,,245,0.289,0.38,0.545,0.925,54,30,22.040816326530614,12.244897959183673
701762,Nick Kurtz,133,Athletics,,268,0.289,0.44,0.512,0.952,78,55,29.1044776119403,20.522388059701495
669134,Luis Campusano,135,San Diego Padres,,58,0.288,0.362,0.596,0.958,15,5,25.862068965517242,8.620689655172415
669127,Shea Langeliers,133,Athletics,,245,0.288,0.359,0.534,0.893,47,21,19.183673469387756,8.571428571428571
682928,CJ Abrams,120,Washington Nationals,,265,0.288,0.381,0.522,0.903,53,27,20.0,10.18867924528302
805808,Kevin McGonigle,116,Detroit Tigers,,264,0.288,0.39,0.412,0.802,35,36,13.257575757575758,13.636363636363635
681198,TJ Rumfield,115,Colorado Rockies,,233,0.286,0.361,0.456,0.817,35,21,15.021459227467812,9.012875536480687
703607,Henry Bolte,133,Athletics,,65,0.286,0.369,0.321,0.69,16,6,24.615384615384617,9.230769230769232
691277,Deyvison De Los Santos,146,Miami Marlins,,7,0.286,0.286,0.429,0.715,3,0,42.857142857142854,0.0
571657,Kyle Farmer,144,Atlanta Braves,,15,0.286,0.267,0.357,0.624,4,0,26.666666666666668,0.0
694378,Jacob Gonzalez,145,Chicago White Sox,,16,0.286,0.375,0.286,0.661,6,2,37.5,12.5
606992,Eric Haase,137,San Francisco Giants,,37,0.286,0.324,0.629,0.953,9,2,24.324324324324326,5.405405405405405
664731,P.J. Higgins,113,Cincinnati Reds,,26,0.286,0.333,0.333,0.666,8,2,30.76923076923077,7.6923076923076925
663624,Ryan Mountcastle,110,Baltimore Orioles,,15,0.286,0.333,0.357,0.69,2,1,13.333333333333334,6.666666666666667
699393,Pedro Ramírez,112,Chicago Cubs,,8,0.286,0.375,0.429,0.804,0,1,0.0,12.5
660821,Jesús Sánchez,141,Toronto Blue Jays,,183,0.286,0.322,0.458,0.78,39,7,21.311475409836063,3.825136612021858
686894,Joey Wiemer,120,Washington Nationals,,83,0.286,0.398,0.514,0.912,29,12,34.93975903614458,14.457831325301203
592885,Christian Yelich,158,Milwaukee Brewers,,125,0.286,0.36,0.455,0.815,36,13,28.799999999999997,10.4
694192,Jackson Chourio,158,Milwaukee Brewers,,112,0.284,0.348,0.431,0.779,30,10,26.785714285714285,8.928571428571429
677951,Bobby Witt Jr.,118,Kansas City Royals,,270,0.283,0.356,0.471,0.827,47,27,17.40740740740741,10.0
676475,Alec Burleson,138,St. Louis Cardinals,,252,0.283,0.349,0.438,0.787,41,22,16.26984126984127,8.73015873015873
664034,Ty France,135,San Diego Padres,,112,0.283,0.315,0.528,0.843,26,4,23.214285714285715,3.571428571428571
608348,Carson Kelly,112,Chicago Cubs,,163,0.283,0.362,0.366,0.728,28,15,17.177914110429448,9.202453987730062
668227,Randy Arozarena,136,Seattle Mariners,,266,0.283,0.368,0.439,0.807,59,24,22.18045112781955,9.022556390977442
691023,Jordan Walker,138,St. Louis Cardinals,,247,0.283,0.348,0.534,0.882,65,21,26.31578947368421,8.502024291497975
687462,Spencer Horwitz,134,Pittsburgh Pirates,,213,0.282,0.385,0.458,0.843,26,30,12.206572769953052,14.084507042253522
694212,Samuel Basallo,110,Baltimore Orioles,,181,0.282,0.343,0.509,0.852,47,16,25.96685082872928,8.83977900552486
669477,Casey Schmitt,137,San Francisco Giants,,220,0.282,0.318,0.524,0.842,45,7,20.454545454545457,3.1818181818181817
575929,Willson Contreras,111,Boston Red Sox,,236,0.281,0.381,0.497,0.878,60,24,25.423728813559322,10.16949152542373
682829,Elly De La Cruz,113,Cincinnati Reds,,257,0.28,0.346,0.509,0.855,76,22,29.571984435797667,8.560311284046692
677800,Wilyer Abreu,111,Boston Red Sox,,251,0.28,0.344,0.422,0.766,48,23,19.12350597609562,9.163346613545817
666160,Mickey Moniak,115,Colorado Rockies,,164,0.28,0.335,0.607,0.942,40,10,24.390243902439025,6.097560975609756
672724,Oswald Peraza,108,Los Angeles Angels,,184,0.28,0.339,0.458,0.797,45,9,24.456521739130434,4.891304347826087
645277,Ozzie Albies,144,Atlanta Braves,,263,0.28,0.335,0.436,0.771,31,19,11.787072243346007,7.224334600760455
678882,Ceddanne Rafaela,111,Boston Red Sox,,216,0.279,0.343,0.431,0.774,45,13,20.833333333333336,6.018518518518518
621043,Carlos Correa,117,Houston Astros,,141,0.279,0.369,0.418,0.787,26,18,18.439716312056735,12.76595744680851
665161,Jeremy Peña,117,Houston Astros,,105,0.278,0.324,0.412,0.736,16,4,15.238095238095239,3.8095238095238098
802415,Chandler Simpson,139,Tampa Bay Rays,,247,0.278,0.311,0.33,0.641,27,12,10.931174089068826,4.8582995951417
671289,Tyler Freeman,115,Colorado Rockies,,153,0.278,0.356,0.361,0.717,18,7,11.76470588235294,4.57516339869281
691406,Junior Caminero,139,Tampa Bay Rays,,260,0.278,0.377,0.502,0.879,39,36,15.0,13.846153846153847
668723,Ryan Vilade,139,Tampa Bay Rays,,96,0.277,0.347,0.458,0.805,18,10,18.75,10.416666666666668
668715,Spencer Steer,113,Cincinnati Reds,,231,0.277,0.351,0.461,0.812,48,21,20.77922077922078,9.090909090909092
606192,Teoscar Hernández,119,Los Angeles Dodgers,,204,0.276,0.348,0.436,0.784,55,19,26.96078431372549,9.313725490196079
502671,Paul Goldschmidt,147,New York Yankees,,132,0.276,0.364,0.534,0.898,26,13,19.696969696969695,9.848484848484848
694388,Joey Loperfido,117,Houston Astros,,66,0.276,0.348,0.362,0.71,19,6,28.78787878787879,9.090909090909092
665487,Fernando Tatis Jr.,135,San Diego Padres,,249,0.275,0.347,0.33,0.677,53,24,21.285140562248998,9.63855421686747
665750,Leody Taveras,110,Baltimore Orioles,,177,0.275,0.368,0.396,0.764,39,21,22.033898305084744,11.864406779661017
640902,Jhonny Pereda,136,Seattle Mariners,,44,0.275,0.341,0.425,0.766,7,3,15.909090909090908,6.8181818181818175
668930,Brice Turang,158,Milwaukee Brewers,,249,0.275,0.405,0.46,0.865,58,45,23.293172690763054,18.072289156626507
666018,Jonathan Aranda,139,Tampa Bay Rays,,257,0.275,0.381,0.474,0.855,62,37,24.124513618677042,14.396887159533073
641343,Jake Bauers,158,Milwaukee Brewers,,205,0.275,0.356,0.495,0.851,47,21,22.926829268292686,10.24390243902439
641355,Cody Bellinger,147,New York Yankees,,256,0.274,0.379,0.474,0.853,33,38,12.890625,14.84375
518692,Freddie Freeman,119,Los Angeles Dodgers,,253,0.274,0.36,0.475,0.835,43,30,16.99604743083004,11.857707509881422
680977,Brendan Donovan,136,Seattle Mariners,,101,0.274,0.386,0.452,0.838,15,11,14.85148514851485,10.891089108910892
677942,Blaze Alexander,110,Baltimore Orioles,,142,0.273,0.324,0.359,0.683,36,9,25.352112676056336,6.338028169014084
665052,Griffin Conine,146,Miami Marlins,,25,0.273,0.36,0.591,0.951,6,2,24.0,8.0
660688,Keibert Ruiz,120,Washington Nationals,,127,0.273,0.291,0.496,0.787,19,3,14.960629921259844,2.3622047244094486
805367,Chase Meidroth,145,Chicago White Sox,,256,0.272,0.345,0.397,0.742,58,26,22.65625,10.15625
668804,Bryan Reynolds,134,Pittsburgh Pirates,,263,0.272,0.403,0.432,0.835,56,44,21.292775665399237,16.730038022813687
650402,Gleyber Torres,116,Detroit Tigers,,154,0.272,0.396,0.368,0.764,23,26,14.935064935064934,16.883116883116884
804606,Konnor Griffin,134,Pittsburgh Pirates,,208,0.27,0.327,0.402,0.729,56,14,26.923076923076923,6.730769230769231
571448,Nolan Arenado,109,Arizona Diamondbacks,,208,0.269,0.351,0.467,0.818,39,19,18.75,9.134615384615383
676356,Jonny DeLuca,139,Tampa Bay Rays,,125,0.269,0.298,0.412,0.71,26,5,20.8,4.0
672580,Maikel Garcia,118,Kansas City Royals,,246,0.268,0.325,0.384,0.709,35,20,14.227642276422763,8.130081300813007
690993,Colt Keith,116,Detroit Tigers,,180,0.268,0.311,0.327,0.638,36,10,20.0,5.555555555555555
810938,Ben Williamson,139,Tampa Bay Rays,,143,0.268,0.345,0.331,0.676,29,14,20.27972027972028,9.79020979020979
689414,Liam Hicks,146,Miami Marlins,,230,0.268,0.352,0.475,0.827,21,24,9.130434782608695,10.434782608695652
694362,Blake Dunn,113,Cincinnati Reds,,77,0.268,0.325,0.38,0.705,19,5,24.675324675324674,6.493506493506493
686527,Dominic Canzone,136,Seattle Mariners,,148,0.267,0.338,0.504,0.842,32,13,21.62162162162162,8.783783783783784
671218,Heliot Ramos,137,San Francisco Giants,,176,0.267,0.307,0.424,0.731,47,10,26.704545454545453,5.681818181818182
624424,Michael Conforto,112,Chicago Cubs,,94,0.266,0.372,0.532,0.904,25,14,26.595744680851062,14.893617021276595
621566,Matt Olson,144,Atlanta Braves,,269,0.265,0.342,0.559,0.901,61,28,22.676579925650557,10.408921933085502
609280,Miguel Andujar,135,San Diego Padres,,182,0.264,0.297,0.443,0.74,32,6,17.582417582417584,3.296703296703297
670042,Luke Raley,136,Seattle Mariners,,175,0.264,0.328,0.553,0.881,58,9,33.14285714285714,5.142857142857142
687221,Dalton Rushing,119,Los Angeles Dodgers,,102,0.264,0.343,0.527,0.87,25,8,24.509803921568626,7.8431372549019605
695578,James Wood,120,Washington Nationals,,294,0.264,0.401,0.527,0.928,87,51,29.591836734693878,17.346938775510203
800050,Chase DeLauter,114,Cleveland Guardians,,237,0.263,0.342,0.426,0.768,26,26,10.970464135021098,10.970464135021098
516782,Starling Marte,118,Kansas City Royals,,68,0.262,0.324,0.311,0.635,19,4,27.941176470588236,5.88235294117647
547180,Bryce Harper,143,Philadelphia Phillies,,248,0.262,0.363,0.519,0.882,46,35,18.548387096774192,14.112903225806454
687515,Colby Thomas,133,Athletics,,46,0.262,0.311,0.381,0.692,12,3,26.08695652173913,6.521739130434782
694384,Nolan Schanuel,108,Los Angeles Angels,,208,0.262,0.313,0.387,0.7,33,13,15.865384615384615,6.25
500743,Miguel Rojas,119,Los Angeles Dodgers,,100,0.261,0.316,0.341,0.657,12,6,12.0,6.0
676439,Hunter Feduccia,139,Tampa Bay Rays,,82,0.261,0.35,0.333,0.683,26,9,31.70731707317073,10.975609756097562
642708,Amed Rosario,147,New York Yankees,,101,0.261,0.297,0.511,0.808,22,6,21.782178217821784,5.9405940594059405
671277,Luis García Jr.,120,Washington Nationals,,197,0.261,0.289,0.426,0.715,30,8,15.228426395939088,4.060913705583756
680869,Zack Gelof,133,Athletics,,153,0.261,0.305,0.43,0.735,39,8,25.49019607843137,5.228758169934641
671056,Iván Herrera,138,St. Louis Cardinals,,267,0.26,0.386,0.42,0.806,45,34,16.853932584269664,12.734082397003746
672515,Gabriel Moreno,109,Arizona Diamondbacks,,140,0.26,0.329,0.398,0.727,28,13,20.0,9.285714285714286
650489,Willi Castro,115,Colorado Rockies,,192,0.26,0.328,0.364,0.692,55,16,28.645833333333332,8.333333333333332
806068,Colt Emerson,136,Seattle Mariners,,56,0.26,0.339,0.56,0.899,16,5,28.57142857142857,8.928571428571429
663616,Trevor Larnach,142,Minnesota Twins,,182,0.26,0.374,0.39,0.764,37,26,20.32967032967033,14.285714285714285
681807,David Fry,114,Cleveland Guardians,,95,0.259,0.368,0.407,0.775,28,14,29.47368421052631,14.736842105263156
606466,Ketel Marte,109,Arizona Diamondbacks,,251,0.259,0.315,0.456,0.771,37,20,14.741035856573706,7.968127490039841
663698,Joey Bart,134,Pittsburgh Pirates,,62,0.259,0.29,0.379,0.669,21,2,33.87096774193548,3.225806451612903
808975,Hyeseong Kim,119,Los Angeles Dodgers,,131,0.259,0.323,0.328,0.651,31,12,23.66412213740458,9.16030534351145
665833,Oneil Cruz,134,Pittsburgh Pirates,,266,0.258,0.331,0.475,0.806,93,23,34.962406015037594,8.646616541353383
664040,Brandon Lowe,134,Pittsburgh Pirates,,242,0.258,0.343,0.535,0.878,59,26,24.380165289256198,10.743801652892563
699912,Jose Fernandez,109,Arizona Diamondbacks,,170,0.258,0.289,0.358,0.647,38,6,22.35294117647059,3.5294117647058822
701398,Sal Stewart,113,Cincinnati Reds,,261,0.258,0.352,0.467,0.819,51,33,19.54022988505747,12.643678160919542
676609,José Caballero,147,New York Yankees,,177,0.258,0.316,0.38,0.696,33,10,18.64406779661017,5.649717514124294
657136,Connor Wong,111,Boston Red Sox,,76,0.258,0.338,0.379,0.717,17,6,22.36842105263158,7.894736842105263
668885,Austin Martin,142,Minnesota Twins,,200,0.257,0.36,0.345,0.705,30,25,15.0,12.5
686765,Nick Sogard,111,Boston Red Sox,,41,0.257,0.35,0.371,0.721,6,5,14.634146341463413,12.195121951219512
677594,Julio Rodríguez,136,Seattle Mariners,,275,0.257,0.313,0.462,0.775,58,19,21.09090909090909,6.909090909090909
595879,Javier Báez,116,Detroit Tigers,,82,0.256,0.28,0.397,0.677,16,2,19.51219512195122,2.4390243902439024
662139,Daulton Varsho,141,Toronto Blue Jays,,230,0.256,0.326,0.411,0.737,45,20,19.565217391304348,8.695652173913043
663993,Nathaniel Lowe,113,Cincinnati Reds,,145,0.256,0.338,0.535,0.873,34,16,23.448275862068964,11.03448275862069
696030,Alejandro Osuna,140,Texas Rangers,,108,0.256,0.374,0.278,0.652,15,11,13.88888888888889,10.185185185185185
519317,Giancarlo Stanton,147,New York Yankees,,96,0.256,0.302,0.422,0.724,29,6,30.208333333333332,6.25
608324,Alex Bregman,112,Chicago Cubs,,274,0.255,0.336,0.358,0.694,47,26,17.153284671532848,9.48905109489051
669397,Nick Allen,117,Houston Astros,,57,0.255,0.304,0.333,0.637,10,3,17.543859649122805,5.263157894736842
679822,Justin Foscue,140,Texas Rangers,,60,0.255,0.3,0.418,0.718,16,3,26.666666666666668,5.0
663538,Nico Hoerner,112,Chicago Cubs,,276,0.254,0.341,0.358,0.699,20,29,7.246376811594203,10.507246376811594
805811,Bryce Eldridge,137,San Francisco Giants,,72,0.254,0.333,0.46,0.793,18,8,25.0,11.11111111111111
701807,Carson Benge,121,New York Mets,,229,0.254,0.319,0.383,0.702,50,17,21.83406113537118,7.423580786026202
621439,Byron Buxton,142,Minnesota Twins,,242,0.253,0.314,0.538,0.852,64,17,26.446280991735538,7.024793388429752
592626,Joc Pederson,140,Texas Rangers,,183,0.253,0.368,0.46,0.828,38,27,20.76502732240437,14.754098360655737
607043,Brandon Nimmo,140,Texas Rangers,,259,0.253,0.332,0.406,0.738,56,22,21.62162162162162,8.494208494208493
668939,Adley Rutschman,110,Baltimore Orioles,,181,0.253,0.337,0.462,0.799,26,20,14.3646408839779,11.049723756906078
656484,Tristan Gray,142,Minnesota Twins,,114,0.252,0.301,0.398,0.699,34,7,29.82456140350877,6.140350877192982
686797,Brooks Lee,142,Minnesota Twins,,229,0.252,0.307,0.419,0.726,42,15,18.340611353711793,6.550218340611353
702284,Cole Young,136,Seattle Mariners,,247,0.252,0.325,0.362,0.687,51,20,20.647773279352226,8.097165991902834
687231,Darell Hernaiz,133,Athletics,,127,0.252,0.336,0.306,0.642,20,13,15.748031496062993,10.236220472440944
647304,Josh Naylor,136,Seattle Mariners,,249,0.252,0.315,0.354,0.669,33,20,13.253012048192772,8.032128514056225
663743,Nick Fortes,139,Tampa Bay Rays,,148,0.252,0.286,0.324,0.61,19,4,12.837837837837837,2.7027027027027026
573262,Mike Yastrzemski,144,Atlanta Braves,,169,0.252,0.331,0.384,0.715,40,15,23.668639053254438,8.875739644970414
643446,Jeff McNeil,133,Athletics,,206,0.251,0.322,0.333,0.655,28,17,13.592233009708737,8.25242718446602
672642,Steward Berroa,143,Philadelphia Phillies,,4,0.25,0.25,0.25,0.5,1,0,25.0,0.0
687749,Jase Bowen,135,San Diego Padres,,4,0.25,0.25,0.25,0.5,3,0,75.0,0.0
664068,Scott Kingery,112,Chicago Cubs,,4,0.25,0.25,0.25,0.5,0,0,0.0,0.0
668952,Ryan Kreidler,142,Minnesota Twins,,55,0.25,0.345,0.479,0.824,14,6,25.454545454545453,10.909090909090908
695734,Daylen Lile,120,Washington Nationals,,273,0.25,0.304,0.403,0.707,49,20,17.94871794871795,7.326007326007327
686681,Michael Massey,118,Kansas City Royals,,129,0.25,0.273,0.45,0.723,26,5,20.155038759689923,3.875968992248062
807727,Charles McAdoo,141,Toronto Blue Jays,,8,0.25,0.25,0.625,0.875,1,0,12.5,0.0
678009,Parker Meadows,116,Detroit Tigers,,39,0.25,0.308,0.333,0.641,10,2,25.64102564102564,5.128205128205128
677592,Everson Pereira,145,Chicago White Sox,,71,0.25,0.31,0.453,0.763,21,4,29.577464788732392,5.633802816901409
691594,Javier Sanoja,146,Miami Marlins,,139,0.25,0.304,0.352,0.656,15,10,10.79136690647482,7.194244604316546
669257,Will Smith,119,Los Angeles Dodgers,,189,0.25,0.333,0.384,0.717,32,20,16.93121693121693,10.582010582010582
663494,Bryan Torres,138,St. Louis Cardinals,,31,0.25,0.323,0.429,0.752,6,3,19.35483870967742,9.67741935483871
676572,Eric Wagaman,121,New York Mets,,4,0.25,0.25,1.0,1.25,1,0,25.0,0.0
669899,Ryan Ward,119,Los Angeles Dodgers,,12,0.25,0.25,0.5,0.75,3,0,25.0,0.0
807799,Masataka Yoshida,111,Boston Red Sox,,133,0.25,0.338,0.345,0.683,14,14,10.526315789473683,10.526315789473683
802139,JJ Wetherholt,138,St. Louis Cardinals,,266,0.249,0.357,0.4,0.757,45,29,16.917293233082706,10.902255639097744
643289,Mauricio Dubón,144,Atlanta Braves,,226,0.249,0.305,0.368,0.673,36,15,15.929203539823009,6.637168141592921
807712,Luke Keaschall,142,Minnesota Twins,,236,0.249,0.322,0.321,0.643,36,20,15.254237288135593,8.47457627118644
660670,Ronald Acuña Jr.,144,Atlanta Braves,,212,0.249,0.377,0.434,0.811,46,34,21.69811320754717,16.037735849056602
680700,Richie Palacios,139,Tampa Bay Rays,,140,0.248,0.364,0.325,0.689,29,19,20.714285714285715,13.571428571428571
543877,Christian Vázquez,117,Houston Astros,,130,0.248,0.313,0.385,0.698,20,11,15.384615384615385,8.461538461538462
572233,Christian Walker,117,Houston Astros,,252,0.248,0.321,0.504,0.825,51,21,20.238095238095237,8.333333333333332
592450,Aaron Judge,147,New York Yankees,,261,0.248,0.375,0.533,0.908,72,42,27.586206896551722,16.091954022988507
571970,Max Muncy,119,Los Angeles Dodgers,,209,0.247,0.344,0.511,0.855,55,26,26.31578947368421,12.440191387559809
545341,Randal Grichuk,145,Chicago White Sox,,81,0.247,0.272,0.481,0.753,19,2,23.456790123456788,2.4691358024691357
701675,Nathan Church,138,St. Louis Cardinals,,156,0.247,0.282,0.39,0.672,33,6,21.153846153846153,3.8461538461538463
805999,A.J. Ewing,121,New York Mets,,84,0.247,0.329,0.329,0.658,27,9,32.142857142857146,10.714285714285714
646240,Rafael Devers,137,San Francisco Giants,,256,0.246,0.297,0.419,0.716,79,17,30.859375,6.640625
669236,Jeremiah Jackson,110,Baltimore Orioles,,174,0.246,0.264,0.395,0.659,35,4,20.114942528735632,2.2988505747126435
657757,Gavin Sheets,135,San Diego Padres,,189,0.246,0.333,0.485,0.818,42,20,22.22222222222222,10.582010582010582
514888,Jose Altuve,117,Houston Astros,,185,0.245,0.326,0.38,0.706,35,19,18.91891891891892,10.27027027027027
642715,Willy Adames,137,San Francisco Giants,,256,0.245,0.285,0.436,0.721,70,13,27.34375,5.078125
683737,Michael Busch,112,Chicago Cubs,,265,0.244,0.37,0.387,0.757,57,40,21.50943396226415,15.09433962264151
595978,Austin Hedges,114,Cleveland Guardians,,90,0.244,0.318,0.333,0.651,17,9,18.88888888888889,10.0
669699,Braden Shewmake,117,Houston Astros,,79,0.243,0.26,0.405,0.665,13,2,16.455696202531644,2.5316455696202533
621493,Taylor Ward,110,Baltimore Orioles,,275,0.243,0.393,0.339,0.732,57,54,20.727272727272727,19.636363636363637
678554,Curtis Mead,120,Washington Nationals,,168,0.243,0.351,0.472,0.823,30,22,17.857142857142858,13.095238095238097
696100,Hunter Goodman,115,Colorado Rockies,,235,0.243,0.311,0.5,0.811,80,17,34.04255319148936,7.234042553191489
545361,Mike Trout,108,Los Angeles Angels,,275,0.243,0.411,0.486,0.897,65,58,23.636363636363637,21.09090909090909
687637,Dylan Beavers,110,Baltimore Orioles,,119,0.243,0.331,0.369,0.7,28,14,23.52941176470588,11.76470588235294
702616,Jackson Holliday,110,Baltimore Orioles,,39,0.242,0.333,0.424,0.757,10,5,25.64102564102564,12.82051282051282
650968,Yohel Pozo,138,St. Louis Cardinals,,33,0.242,0.242,0.273,0.515,3,0,9.090909090909092,0.0
691718,Pete Crow-Armstrong,112,Chicago Cubs,,254,0.242,0.328,0.39,0.718,64,22,25.196850393700785,8.661417322834646
682657,Angel Martínez,114,Cleveland Guardians,,205,0.242,0.279,0.442,0.721,44,6,21.463414634146343,2.9268292682926833
807713,Matt Shaw,112,Chicago Cubs,,104,0.242,0.291,0.4,0.691,18,6,17.307692307692307,5.769230769230769
678246,Miguel Vargas,145,Chicago White Sox,,267,0.242,0.368,0.502,0.87,45,40,16.853932584269664,14.981273408239701
664728,Kyle Isbel,118,Kansas City Royals,,165,0.242,0.292,0.362,0.654,38,8,23.03030303030303,4.848484848484849
624413,Pete Alonso,110,Baltimore Orioles,,262,0.241,0.321,0.448,0.769,60,27,22.900763358778626,10.305343511450381
693307,Dillon Dingler,116,Detroit Tigers,,231,0.241,0.323,0.507,0.83,46,20,19.913419913419915,8.658008658008658
670032,Nicky Lopez,140,Texas Rangers,,31,0.241,0.267,0.345,0.612,8,1,25.806451612903224,3.225806451612903
664702,Myles Straw,141,Toronto Blue Jays,,99,0.241,0.316,0.345,0.661,15,10,15.151515151515152,10.1010101010101
682626,Francisco Alvarez,121,New York Mets,,128,0.241,0.317,0.393,0.71,28,11,21.875,8.59375
687093,Vaughn Grissom,108,Los Angeles Angels,,150,0.24,0.322,0.388,0.71,16,14,10.666666666666668,9.333333333333334
643217,Andrew Benintendi,145,Chicago White Sox,,199,0.24,0.298,0.413,0.711,56,16,28.14070351758794,8.040201005025125
808959,Munetaka Murakami,145,Chicago White Sox,,246,0.24,0.378,0.56,0.938,80,44,32.52032520325203,17.88617886178862
665862,Jazz Chisholm Jr.,147,New York Yankees,,233,0.239,0.313,0.383,0.696,65,22,27.896995708154503,9.44206008583691
655316,Andruw Monasterio,111,Boston Red Sox,,98,0.239,0.286,0.37,0.656,22,6,22.448979591836736,6.122448979591836
691777,Max Muncy,133,Athletics,,104,0.239,0.308,0.402,0.71,37,6,35.57692307692308,5.769230769230769
593428,Xander Bogaerts,135,San Diego Padres,,229,0.239,0.31,0.371,0.681,41,22,17.903930131004365,9.606986899563319
681481,Kerry Carpenter,116,Detroit Tigers,,129,0.239,0.31,0.487,0.797,43,11,33.33333333333333,8.527131782945736
673548,Seiya Suzuki,112,Chicago Cubs,,200,0.239,0.325,0.386,0.711,53,20,26.5,10.0
691026,Masyn Winn,138,St. Louis Cardinals,,224,0.239,0.313,0.33,0.643,48,18,21.428571428571427,8.035714285714286
669003,Garrett Mitchell,158,Milwaukee Brewers,,182,0.238,0.359,0.377,0.736,66,27,36.26373626373626,14.835164835164836
667472,Dane Myers,113,Cincinnati Reds,,99,0.238,0.343,0.381,0.724,26,12,26.262626262626267,12.121212121212121
695506,Jac Caglianone,118,Kansas City Royals,,205,0.238,0.312,0.395,0.707,62,17,30.24390243902439,8.292682926829269
669394,Jake Burger,140,Texas Rangers,,241,0.238,0.29,0.422,0.712,65,16,26.970954356846473,6.639004149377594
673237,Yainer Diaz,117,Houston Astros,,106,0.238,0.255,0.347,0.602,16,3,15.09433962264151,2.8301886792452833
694671,Wyatt Langford,140,Texas Rangers,,84,0.238,0.274,0.363,0.637,19,4,22.61904761904762,4.761904761904762
676694,Jake Meyers,117,Houston Astros,,83,0.237,0.289,0.368,0.657,16,5,19.27710843373494,6.024096385542169
690976,Alex Freeland,119,Los Angeles Dodgers,,126,0.236,0.309,0.364,0.673,35,12,27.77777777777778,9.523809523809524
696285,Jacob Young,120,Washington Nationals,,211,0.236,0.29,0.39,0.68,37,11,17.535545023696685,5.213270142180095
608070,José Ramírez,114,Cleveland Guardians,,272,0.236,0.346,0.415,0.761,35,39,12.867647058823529,14.338235294117647
682177,Daniel Schneemann,114,Cleveland Guardians,,175,0.236,0.314,0.369,0.683,51,18,29.142857142857142,10.285714285714285
663656,Kyle Tucker,119,Los Angeles Dodgers,,248,0.235,0.335,0.38,0.715,46,32,18.548387096774192,12.903225806451612
543309,Kyle Higashioka,140,Texas Rangers,,103,0.234,0.301,0.362,0.663,29,8,28.155339805825243,7.766990291262135
683011,Anthony Volpe,147,New York Yankees,,56,0.234,0.357,0.362,0.719,13,9,23.214285714285715,16.071428571428573
702222,Justin Crawford,143,Philadelphia Phillies,,186,0.234,0.296,0.339,0.635,35,13,18.817204301075268,6.989247311827956
666152,David Hamilton,158,Milwaukee Brewers,,162,0.234,0.323,0.292,0.615,30,17,18.51851851851852,10.493827160493826
691788,Joe Mack,146,Miami Marlins,,80,0.233,0.282,0.315,0.597,24,5,30.0,6.25
670623,Isaac Paredes,117,Houston Astros,,230,0.233,0.326,0.371,0.697,37,21,16.08695652173913,9.130434782608695
687957,Dustin Harris,117,Houston Astros,,52,0.233,0.333,0.302,0.635,7,6,13.461538461538462,11.538461538461538
669720,Austin Hays,145,Chicago White Sox,,44,0.233,0.25,0.326,0.576,13,1,29.545454545454547,2.272727272727273
666176,Jo Adell,108,Los Angeles Angels,,258,0.232,0.275,0.378,0.653,61,7,23.643410852713178,2.7131782945736433
678391,Jorbit Vivas,120,Washington Nationals,,132,0.232,0.318,0.313,0.631,19,11,14.393939393939394,8.333333333333332
641584,Jake Fraley,139,Tampa Bay Rays,,90,0.232,0.3,0.39,0.69,25,8,27.77777777777778,8.88888888888889
656941,Kyle Schwarber,143,Philadelphia Phillies,,255,0.231,0.349,0.588,0.937,87,35,34.11764705882353,13.725490196078432
656305,Matt Chapman,137,San Francisco Giants,,252,0.231,0.313,0.333,0.646,56,25,22.22222222222222,9.920634920634921
687263,Zach Neto,108,Los Angeles Angels,,274,0.231,0.339,0.427,0.766,82,34,29.927007299270077,12.408759124087592
683679,Jesus Rodriguez,137,San Francisco Giants,,43,0.231,0.302,0.385,0.687,5,3,11.627906976744185,6.976744186046512
642215,Weston Wilson,110,Baltimore Orioles,,46,0.231,0.348,0.333,0.681,11,6,23.91304347826087,13.043478260869565
682663,Agustín Ramírez,146,Miami Marlins,,129,0.23,0.318,0.345,0.663,28,13,21.705426356589147,10.077519379844961
683146,Brett Baty,121,New York Mets,,205,0.23,0.299,0.333,0.632,59,18,28.780487804878046,8.780487804878048
665019,Kody Clemens,142,Minnesota Twins,,191,0.229,0.307,0.424,0.731,45,14,23.56020942408377,7.329842931937172
701350,Roman Anthony,111,Boston Red Sox,,130,0.229,0.354,0.321,0.675,33,20,25.384615384615383,15.384615384615385
694208,Moisés Ballesteros,112,Chicago Cubs,,148,0.229,0.304,0.405,0.709,30,15,20.27027027027027,10.135135135135135
669707,Jared Triolo,134,Pittsburgh Pirates,,91,0.229,0.281,0.253,0.534,24,5,26.373626373626376,5.4945054945054945
687551,Drew Gilbert,137,San Francisco Giants,,126,0.229,0.272,0.381,0.653,25,6,19.841269841269842,4.761904761904762
678218,Brandon Valenzuela,141,Toronto Blue Jays,,120,0.229,0.319,0.371,0.69,28,14,23.333333333333332,11.666666666666666
605137,Josh Bell,142,Minnesota Twins,,241,0.228,0.29,0.347,0.637,57,18,23.651452282157674,7.468879668049793
666971,Lourdes Gurriel Jr.,109,Arizona Diamondbacks,,102,0.228,0.284,0.304,0.588,19,8,18.627450980392158,7.8431372549019605
683357,Owen Caissie,146,Miami Marlins,,169,0.228,0.296,0.389,0.685,69,14,40.828402366863905,8.284023668639055
553869,Elias Díaz,118,Kansas City Royals,,23,0.227,0.261,0.591,0.852,5,1,21.73913043478261,4.3478260869565215
607208,Trea Turner,143,Philadelphia Phillies,,260,0.227,0.277,0.351,0.628,57,17,21.923076923076923,6.538461538461539
691781,Brady House,120,Washington Nationals,,177,0.227,0.282,0.399,0.681,50,13,28.24858757062147,7.344632768361582
700932,Kyle Manzardo,114,Cleveland Guardians,,185,0.227,0.314,0.374,0.688,64,18,34.5945945945946,9.72972972972973
664023,Ian Happ,112,Chicago Cubs,,256,0.227,0.348,0.463,0.811,82,37,32.03125,14.453125
672284,Jarred Kelenic,145,Chicago White Sox,,59,0.226,0.305,0.321,0.626,20,6,33.89830508474576,10.16949152542373
691016,Tyler Soderstrom,133,Athletics,,241,0.226,0.315,0.425,0.74,44,27,18.25726141078838,11.20331950207469
596019,Francisco Lindor,121,New York Mets,,105,0.226,0.314,0.355,0.669,19,11,18.095238095238095,10.476190476190476
686217,Sal Frelick,158,Milwaukee Brewers,,208,0.225,0.291,0.313,0.604,22,17,10.576923076923077,8.173076923076923
641487,J.P. Crawford,136,Seattle Mariners,,230,0.225,0.352,0.408,0.76,43,34,18.695652173913043,14.782608695652174
672695,Geraldo Perdomo,109,Arizona Diamondbacks,,239,0.224,0.332,0.347,0.679,30,33,12.552301255230125,13.807531380753138
691720,Kyle Karros,115,Colorado Rockies,,199,0.224,0.327,0.329,0.656,47,26,23.618090452261306,13.06532663316583
673357,Luis Robert Jr.,121,New York Mets,,98,0.224,0.327,0.329,0.656,17,13,17.346938775510203,13.26530612244898
681297,Colton Cowser,110,Baltimore Orioles,,128,0.223,0.307,0.357,0.664,39,14,30.46875,10.9375
666182,Bo Bichette,121,New York Mets,,269,0.223,0.279,0.308,0.587,44,19,16.356877323420075,7.063197026022305
682674,Victor Bericoto,137,San Francisco Giants,,9,0.222,0.222,0.222,0.444,3,0,33.33333333333333,0.0
669087,Sam Huff,110,Baltimore Orioles,,9,0.222,0.222,0.333,0.555,5,0,55.55555555555556,0.0
695657,Colson Montgomery,145,Chicago White Sox,,256,0.222,0.316,0.471,0.787,78,22,30.46875,8.59375
686475,Tyler Tolbert,118,Kansas City Royals,,11,0.222,0.364,0.222,0.586,3,2,27.27272727272727,18.181818181818183
543760,Marcus Semien,121,New York Mets,,242,0.222,0.274,0.339,0.613,49,16,20.24793388429752,6.6115702479338845
624585,Jorge Soler,108,Los Angeles Angels,,240,0.222,0.3,0.406,0.706,74,21,30.833333333333336,8.75
695600,Carter Jensen,118,Kansas City Royals,,201,0.222,0.303,0.386,0.689,58,21,28.855721393034827,10.44776119402985
691785,Marcelo Mayer,111,Boston Red Sox,,177,0.222,0.284,0.297,0.581,32,12,18.07909604519774,6.779661016949152
669065,Kyle Stowers,146,Miami Marlins,,167,0.221,0.301,0.383,0.684,49,15,29.34131736526946,8.982035928143713
553993,Eugenio Suárez,113,Cincinnati Reds,,138,0.221,0.304,0.361,0.665,42,15,30.434782608695656,10.869565217391305
672960,Kazuma Okamoto,141,Toronto Blue Jays,,242,0.221,0.31,0.437,0.747,77,25,31.818181818181817,10.330578512396695
656537,Derek Hill,145,Chicago White Sox,,78,0.221,0.303,0.368,0.671,23,7,29.48717948717949,8.974358974358974
592663,J.T. Realmuto,143,Philadelphia Phillies,,142,0.22,0.296,0.299,0.595,25,9,17.6056338028169,6.338028169014084
665966,Carlos Narváez,111,Boston Red Sox,,122,0.22,0.298,0.321,0.619,37,10,30.327868852459016,8.19672131147541
683002,Gunnar Henderson,110,Baltimore Orioles,,275,0.22,0.273,0.427,0.7,72,17,26.181818181818183,6.181818181818182
668901,Mark Vientos,121,New York Mets,,197,0.219,0.254,0.38,0.634,42,7,21.31979695431472,3.5532994923857872
680776,Jarren Duran,111,Boston Red Sox,,242,0.219,0.285,0.416,0.701,69,18,28.512396694214875,7.43801652892562
677595,Ronny Mauricio,121,New York Mets,,32,0.219,0.219,0.313,0.532,12,0,37.5,0.0
663837,Matt Vierling,116,Detroit Tigers,,180,0.219,0.283,0.369,0.652,31,16,17.22222222222222,8.88888888888889
657041,Lane Thomas,118,Kansas City Royals,,135,0.218,0.348,0.309,0.657,28,22,20.74074074074074,16.296296296296298
669701,Josh Smith,140,Texas Rangers,,108,0.217,0.324,0.239,0.563,20,14,18.51851851851852,12.962962962962962
644433,Chadwick Tromp,144,Atlanta Braves,,25,0.217,0.208,0.261,0.469,7,0,28.000000000000004,0.0
642201,Eli White,144,Atlanta Braves,,74,0.217,0.257,0.362,0.619,14,3,18.91891891891892,4.054054054054054
681715,Heriberto Hernández,146,Miami Marlins,,120,0.217,0.3,0.377,0.677,27,12,22.5,10.0
665804,Miguel Amaya,112,Chicago Cubs,,101,0.217,0.343,0.349,0.692,22,12,21.782178217821784,11.881188118811881
679845,Nick Loftin,118,Kansas City Royals,,92,0.216,0.33,0.311,0.641,11,11,11.956521739130435,11.956521739130435
671655,George Valera,114,Cleveland Guardians,,38,0.216,0.237,0.297,0.534,8,1,21.052631578947366,2.631578947368421
701358,Cam Smith,117,Houston Astros,,230,0.216,0.31,0.347,0.657,61,24,26.521739130434785,10.434782608695652
686555,Isaac Collins,118,Kansas City Royals,,193,0.216,0.332,0.315,0.647,53,25,27.461139896373055,12.953367875647666
686780,Pedro Pagés,138,St. Louis Cardinals,,128,0.216,0.258,0.353,0.611,30,5,23.4375,3.90625
677588,José Tena,120,Washington Nationals,,125,0.216,0.272,0.371,0.643,40,8,32.0,6.4
666397,Edouard Julien,115,Colorado Rockies,,166,0.215,0.319,0.292,0.611,45,21,27.10843373493976,12.650602409638553
624428,Adam Frazier,108,Los Angeles Angels,,90,0.215,0.295,0.342,0.637,26,8,28.888888888888886,8.88888888888889
665877,José Fermín,138,St. Louis Cardinals,,79,0.214,0.282,0.357,0.639,13,7,16.455696202531644,8.860759493670885
691373,Jhostynxon Garcia,134,Pittsburgh Pirates,,29,0.214,0.241,0.214,0.455,9,1,31.03448275862069,3.4482758620689653
677870,Leo Jiménez,146,Miami Marlins,,65,0.214,0.308,0.232,0.54,12,6,18.461538461538463,9.230769230769232
695020,Tanner Murray,145,Chicago White Sox,,33,0.214,0.281,0.321,0.602,7,2,21.21212121212121,6.0606060606060606
681082,Bryson Stott,143,Philadelphia Phillies,,203,0.214,0.264,0.374,0.638,35,12,17.24137931034483,5.911330049261084
679529,Spencer Torkelson,116,Detroit Tigers,,240,0.214,0.317,0.398,0.715,76,28,31.666666666666664,11.666666666666666
680757,Steven Kwan,114,Cleveland Guardians,,238,0.213,0.332,0.264,0.596,25,34,10.504201680672269,14.285714285714285
669326,Bryce Teodosio,108,Los Angeles Angels,,51,0.213,0.26,0.255,0.515,18,3,35.294117647058826,5.88235294117647
620443,Luis Torrens,121,New York Mets,,109,0.212,0.271,0.283,0.554,23,5,21.100917431192663,4.587155963302752
678662,Ezequiel Tovar,115,Colorado Rockies,,226,0.212,0.261,0.322,0.583,61,13,26.991150442477874,5.752212389380531
665926,Andrés Giménez,141,Toronto Blue Jays,,209,0.211,0.255,0.351,0.606,37,8,17.703349282296653,3.827751196172249
624641,Edmundo Sosa,143,Philadelphia Phillies,,97,0.211,0.25,0.344,0.594,22,3,22.68041237113402,3.0927835051546393
669004,MJ Melendez,121,New York Mets,,98,0.21,0.33,0.395,0.725,34,10,34.69387755102041,10.204081632653061
663757,Trent Grisham,147,New York Yankees,,228,0.209,0.329,0.377,0.706,40,35,17.543859649122805,15.350877192982457
669289,Santiago Espinal,119,Los Angeles Dodgers,,47,0.209,0.222,0.349,0.571,6,1,12.76595744680851,2.127659574468085
596103,Austin Slater,121,New York Mets,,49,0.209,0.286,0.233,0.519,15,5,30.612244897959183,10.204081632653061
669357,Nolan Gorman,138,St. Louis Cardinals,,213,0.209,0.291,0.342,0.633,67,23,31.455399061032864,10.7981220657277
686611,Dylan Crews,120,Washington Nationals,,51,0.208,0.255,0.292,0.547,10,1,19.607843137254903,1.9607843137254901
807747,Rikuu Nishida,145,Chicago White Sox,,25,0.208,0.208,0.208,0.416,5,0,20.0,0.0
686469,Vinnie Pasquantino,118,Kansas City Royals,,249,0.208,0.297,0.329,0.626,46,28,18.473895582329316,11.244979919678714
670764,Taylor Walls,139,Tampa Bay Rays,,155,0.208,0.313,0.285,0.598,38,19,24.516129032258064,12.258064516129032
686668,Brenton Doyle,115,Colorado Rockies,,122,0.207,0.279,0.27,0.549,40,11,32.78688524590164,9.01639344262295
521692,Salvador Perez,118,Kansas City Royals,,242,0.207,0.26,0.356,0.616,47,12,19.421487603305785,4.958677685950414
681393,Connor Norby,146,Miami Marlins,,203,0.207,0.315,0.333,0.648,57,21,28.078817733990146,10.344827586206897
641857,Ryan McMahon,147,New York Yankees,,163,0.207,0.265,0.353,0.618,52,12,31.901840490797547,7.361963190184049
663586,Austin Riley,144,Atlanta Braves,,249,0.206,0.281,0.359,0.64,73,19,29.31726907630522,7.630522088353414
650859,Luis Rengifo,158,Milwaukee Brewers,,179,0.206,0.277,0.256,0.533,20,15,11.1731843575419,8.379888268156424
543807,George Springer,141,Toronto Blue Jays,,179,0.206,0.282,0.35,0.632,36,15,20.11173184357542,8.379888268156424
596115,Trevor Story,111,Boston Red Sox,,176,0.206,0.244,0.303,0.547,57,8,32.38636363636363,4.545454545454546
664761,Alec Bohm,143,Philadelphia Phillies,,225,0.206,0.267,0.328,0.595,30,16,13.333333333333334,7.111111111111111
694728,Brice Matthews,117,Houston Astros,,159,0.205,0.259,0.329,0.588,51,11,32.075471698113205,6.918238993710692
701678,Hao-Yu  Lee,116,Detroit Tigers,,87,0.205,0.241,0.337,0.578,24,4,27.586206896551722,4.597701149425287
701538,Jackson Merrill,135,San Diego Padres,,233,0.205,0.277,0.329,0.606,59,20,25.321888412017167,8.583690987124463
543510,James McCann,109,Arizona Diamondbacks,,62,0.203,0.217,0.254,0.471,17,1,27.419354838709676,1.6129032258064515
657656,Ramón Laureano,135,San Diego Padres,,206,0.203,0.286,0.374,0.66,65,20,31.55339805825243,9.70873786407767
672356,Gabriel Arias,114,Cleveland Guardians,,32,0.2,0.25,0.433,0.683,12,2,37.5,6.25
663609,Luken Baker,109,Arizona Diamondbacks,,5,0.2,0.2,0.2,0.4,3,0,60.0,0.0
813841,Jonah Cox,137,San Francisco Giants,,5,0.2,0.2,0.4,0.6,3,0,60.0,0.0
701305,Zach Dezenzo,117,Houston Astros,,49,0.2,0.265,0.356,0.621,18,4,36.734693877551024,8.16326530612245
691176,Jasson Domínguez,147,New York Yankees,,32,0.2,0.25,0.367,0.617,4,1,12.5,3.125
690924,Braxton Fulford,115,Colorado Rockies,,23,0.2,0.261,0.35,0.611,7,2,30.434782608695656,8.695652173913043
680737,Michael Helman,140,Texas Rangers,,23,0.2,0.273,0.25,0.523,4,1,17.391304347826086,4.3478260869565215
805347,Jim Jarvis,144,Atlanta Braves,,5,0.2,0.2,0.2,0.4,2,0,40.0,0.0
663611,Nick Madrigal,108,Los Angeles Angels,,11,0.2,0.273,0.2,0.473,1,0,9.090909090909092,0.0
682641,Luis Matos,158,Milwaukee Brewers,,21,0.2,0.238,0.2,0.438,7,1,33.33333333333333,4.761904761904762
691723,Coby Mayo,110,Baltimore Orioles,,161,0.2,0.273,0.379,0.652,48,13,29.81366459627329,8.074534161490684
681351,Logan O'Hoppe,108,Los Angeles Angels,,137,0.2,0.292,0.283,0.575,32,13,23.357664233576642,9.48905109489051
596117,Garrett Stubbs,143,Philadelphia Phillies,,24,0.2,0.292,0.2,0.492,4,1,16.666666666666664,4.166666666666666
669717,Will Wilson,136,Seattle Mariners,,6,0.2,0.333,0.8,1.133,1,1,16.666666666666664,16.666666666666664
518595,Travis d'Arnaud,108,Los Angeles Angels,,40,0.2,0.3,0.314,0.614,7,3,17.5,7.5
805300,Jakob Marsee,146,Miami Marlins,,259,0.199,0.326,0.301,0.627,59,34,22.779922779922778,13.127413127413126
605141,Mookie Betts,119,Los Angeles Dodgers,,117,0.198,0.265,0.396,0.661,15,9,12.82051282051282,7.6923076923076925
694377,Nick Yorke,134,Pittsburgh Pirates,,86,0.197,0.279,0.276,0.555,17,7,19.767441860465116,8.13953488372093
641680,Jonah Heim,133,Athletics,,79,0.197,0.266,0.366,0.632,13,7,16.455696202531644,8.860759493670885
680574,Matt McLain,113,Cincinnati Reds,,228,0.196,0.295,0.322,0.617,54,26,23.684210526315788,11.403508771929824
664954,Brett Sullivan,115,Colorado Rockies,,89,0.195,0.239,0.305,0.544,19,4,21.34831460674157,4.49438202247191
667670,Brent Rooker,133,Athletics,,180,0.195,0.278,0.365,0.643,57,17,31.666666666666664,9.444444444444445
672820,Lenyn Sosa,141,Toronto Blue Jays,,117,0.195,0.207,0.283,0.49,25,1,21.367521367521366,0.8547008547008548
687401,Joey Ortiz,158,Milwaukee Brewers,,141,0.193,0.29,0.244,0.534,25,17,17.73049645390071,12.056737588652481
700337,Edgar Quero,145,Chicago White Sox,,141,0.193,0.273,0.252,0.525,34,12,24.113475177304963,8.51063829787234
687363,Victor Scott II,138,St. Louis Cardinals,,169,0.193,0.258,0.262,0.52,41,12,24.2603550295858,7.100591715976331
666969,Adolis García,143,Philadelphia Phillies,,229,0.193,0.275,0.297,0.572,71,20,31.004366812227076,8.73362445414847
656555,Rhys Hoskins,114,Cleveland Guardians,,165,0.192,0.339,0.385,0.724,47,30,28.484848484848484,18.181818181818183
457705,Andrew McCutchen,140,Texas Rangers,,83,0.192,0.277,0.26,0.537,22,9,26.506024096385545,10.843373493975903
680728,Adrian Del Castillo,109,Arizona Diamondbacks,,131,0.192,0.252,0.325,0.577,41,10,31.297709923664126,7.633587786259542
605170,Victor Caratini,142,Minnesota Twins,,170,0.191,0.288,0.248,0.536,35,15,20.588235294117645,8.823529411764707
665923,Esteury Ruiz,146,Miami Marlins,,51,0.191,0.235,0.489,0.724,16,3,31.372549019607842,5.88235294117647
596142,Gary Sánchez,158,Milwaukee Brewers,,117,0.191,0.35,0.404,0.754,25,21,21.367521367521366,17.94871794871795
592206,Nick Castellanos,135,San Diego Padres,,122,0.191,0.221,0.339,0.56,34,5,27.86885245901639,4.098360655737705
683083,Nasim Nuñez,120,Washington Nationals,,202,0.191,0.284,0.214,0.498,43,22,21.287128712871286,10.891089108910892
665953,Andrés Chaparro,120,Washington Nationals,,27,0.19,0.37,0.286,0.656,5,6,18.51851851851852,22.22222222222222
695257,Billy Cook,134,Pittsburgh Pirates,,21,0.19,0.19,0.19,0.38,8,0,38.095238095238095,0.0
660162,Yoán Moncada,108,Los Angeles Angels,,130,0.189,0.308,0.297,0.605,45,17,34.61538461538461,13.076923076923078
663886,Tyler Stephenson,113,Cincinnati Reds,,171,0.189,0.287,0.311,0.598,47,21,27.485380116959064,12.280701754385964
666181,Will Benson,113,Cincinnati Reds,,103,0.188,0.324,0.353,0.677,31,16,30.097087378640776,15.53398058252427
669369,Bryce Johnson,135,San Diego Padres,,36,0.188,0.257,0.25,0.507,13,3,36.11111111111111,8.333333333333332
641598,Mitch Garver,136,Seattle Mariners,,91,0.187,0.33,0.293,0.623,27,16,29.67032967032967,17.582417582417584
641555,J.C. Escarra,147,New York Yankees,,65,0.186,0.246,0.271,0.517,13,5,20.0,7.6923076923076925
656775,Cedric Mullins,139,Tampa Bay Rays,,202,0.186,0.268,0.288,0.556,35,17,17.326732673267326,8.415841584158416
542303,Marcell Ozuna,134,Pittsburgh Pirates,,192,0.186,0.271,0.302,0.573,56,18,29.166666666666668,9.375
702332,Caleb Durbin,111,Boston Red Sox,,185,0.186,0.251,0.287,0.538,28,11,15.135135135135137,5.9459459459459465
621438,Tyrone Taylor,121,New York Mets,,104,0.186,0.21,0.32,0.53,19,3,18.269230769230766,2.8846153846153846
666139,Josh Lowe,108,Los Angeles Angels,,134,0.184,0.226,0.32,0.546,39,6,29.1044776119403,4.477611940298507
687597,Jordan Beck,115,Colorado Rockies,,88,0.183,0.227,0.305,0.532,22,5,25.0,5.681818181818182
656582,Connor Joe,136,Seattle Mariners,,39,0.182,0.308,0.333,0.641,11,6,28.205128205128204,15.384615384615385
692216,CJ Kayfus,114,Cleveland Guardians,,25,0.182,0.28,0.364,0.644,8,2,32.0,8.0
621020,Dansby Swanson,112,Chicago Cubs,,228,0.181,0.291,0.326,0.617,53,30,23.24561403508772,13.157894736842104
686452,Drew Millas,120,Washington Nationals,,106,0.181,0.252,0.277,0.529,23,8,21.69811320754717,7.547169811320755
677950,Alek Thomas,109,Arizona Diamondbacks,,100,0.181,0.222,0.34,0.562,23,3,23.0,3.0
670770,TJ Friedl,113,Cincinnati Reds,,178,0.179,0.259,0.256,0.515,42,13,23.595505617977526,7.303370786516854
608369,Corey Seager,140,Texas Rangers,,182,0.179,0.286,0.353,0.639,50,22,27.472527472527474,12.087912087912088
691011,Drew Romo,145,Chicago White Sox,,77,0.179,0.286,0.463,0.749,19,9,24.675324675324674,11.688311688311687
593871,Jorge Polanco,121,New York Mets,,61,0.179,0.246,0.286,0.532,11,5,18.0327868852459,8.19672131147541
682668,Luisangel Acuña,145,Chicago White Sox,,118,0.178,0.231,0.187,0.418,21,7,17.796610169491526,5.932203389830509
682877,Juan Brito,114,Cleveland Guardians,,56,0.176,0.25,0.255,0.505,17,4,30.357142857142854,7.142857142857142
666464,Jerar Encarnacion,137,San Francisco Giants,,35,0.176,0.2,0.206,0.406,8,1,22.857142857142858,2.857142857142857
694514,Sterlin Thompson,115,Colorado Rockies,,41,0.176,0.317,0.235,0.552,6,5,14.634146341463413,12.195121951219512
678489,Jorge Barrosa,109,Arizona Diamondbacks,,102,0.176,0.25,0.33,0.58,30,8,29.411764705882355,7.8431372549019605
694497,Evan Carter,140,Texas Rangers,,207,0.173,0.294,0.335,0.629,47,27,22.705314009661837,13.043478260869565
669224,Austin Wells,147,New York Yankees,,163,0.173,0.288,0.266,0.554,42,23,25.766871165644172,14.11042944785276
624512,Reese McGuire,145,Chicago White Sox,,34,0.172,0.273,0.172,0.445,9,2,26.47058823529412,5.88235294117647
670097,Zack Short,116,Detroit Tigers,,39,0.172,0.333,0.241,0.574,8,7,20.51282051282051,17.94871794871795
666624,Christopher Morel,146,Miami Marlins,,69,0.172,0.232,0.219,0.451,27,4,39.130434782608695,5.797101449275362
643376,Danny Jansen,140,Texas Rangers,,142,0.171,0.277,0.309,0.586,40,13,28.169014084507044,9.15492957746479
592518,Manny Machado,135,San Diego Padres,,237,0.171,0.263,0.346,0.609,54,27,22.78481012658228,11.39240506329114
672761,Wenceel Pérez,116,Detroit Tigers,,158,0.17,0.228,0.32,0.548,25,11,15.822784810126583,6.962025316455696
664056,Harrison Bader,137,San Francisco Giants,,111,0.17,0.198,0.358,0.556,34,4,30.630630630630627,3.6036036036036037
672016,Denzel Clarke,133,Athletics,,60,0.17,0.228,0.189,0.417,24,4,40.0,6.666666666666667
694374,Tim Tawa,109,Arizona Diamondbacks,,70,0.169,0.265,0.254,0.519,16,8,22.857142857142858,11.428571428571429
690984,Petey Halpin,114,Cleveland Guardians,,31,0.167,0.194,0.2,0.394,8,1,25.806451612903224,3.225806451612903
663697,Jonathan India,118,Kansas City Royals,,58,0.167,0.31,0.313,0.623,13,8,22.413793103448278,13.793103448275861
682987,Spencer Jones,147,New York Yankees,,27,0.167,0.259,0.167,0.426,12,3,44.44444444444444,11.11111111111111
690291,Jace Jung,116,Detroit Tigers,,8,0.167,0.375,0.167,0.542,1,2,12.5,25.0
668670,Jake Rogers,116,Detroit Tigers,,63,0.167,0.242,0.296,0.538,20,5,31.746031746031743,7.936507936507936
695336,Thomas Saggese,138,St. Louis Cardinals,,78,0.167,0.231,0.236,0.467,24,6,30.76923076923077,7.6923076923076925
670242,Matt Wallner,142,Minnesota Twins,,135,0.167,0.259,0.292,0.551,53,10,39.25925925925926,7.4074074074074066
621550,Patrick Wisdom,136,Seattle Mariners,,19,0.167,0.211,0.389,0.6,8,1,42.10526315789473,5.263157894736842
641933,Tyler O'Neill,110,Baltimore Orioles,,111,0.165,0.27,0.237,0.507,27,12,24.324324324324326,10.81081081081081
688363,Graham Pauley,146,Miami Marlins,,91,0.165,0.211,0.271,0.482,22,5,24.175824175824175,5.4945054945054945
671732,Lawrence Butler,133,Athletics,,165,0.164,0.261,0.247,0.508,43,19,26.060606060606062,11.515151515151516
668904,Royce Lewis,142,Minnesota Twins,,119,0.163,0.261,0.279,0.54,37,12,31.092436974789916,10.084033613445378
663728,Cal Raleigh,136,Seattle Mariners,,181,0.161,0.243,0.317,0.56,57,18,31.491712707182316,9.94475138121547
681546,James Outman,142,Minnesota Twins,,68,0.161,0.235,0.258,0.493,27,5,39.705882352941174,7.352941176470589
683748,Victor Mesa Jr.,139,Tampa Bay Rays,,29,0.16,0.25,0.28,0.53,8,3,27.586206896551722,10.344827586206897
664059,Sam Haggerty,140,Texas Rangers,,47,0.159,0.213,0.182,0.395,16,2,34.04255319148936,4.25531914893617
656716,Zach McKinstry,116,Detroit Tigers,,132,0.158,0.246,0.211,0.457,23,14,17.424242424242426,10.606060606060606
694025,Felix Reyes,143,Philadelphia Phillies,,38,0.158,0.158,0.263,0.421,9,0,23.684210526315788,0.0
602104,Ramón Urías,138,St. Louis Cardinals,,68,0.158,0.279,0.316,0.595,12,6,17.647058823529413,8.823529411764707
669398,Gage Workman,116,Detroit Tigers,,38,0.158,0.158,0.395,0.553,16,0,42.10526315789473,0.0
805904,Zach Cole,117,Houston Astros,,53,0.157,0.189,0.353,0.542,21,1,39.62264150943396,1.8867924528301887
605244,Aramis Garcia,109,Arizona Diamondbacks,,13,0.154,0.154,0.154,0.308,4,0,30.76923076923077,0.0
823550,Sung-Mun Song,135,San Diego Padres,,31,0.154,0.29,0.192,0.482,7,5,22.58064516129032,16.129032258064516
672275,Patrick Bailey,114,Cleveland Guardians,,123,0.15,0.211,0.239,0.45,30,9,24.390243902439025,7.317073170731707
672386,Alejandro Kirk,141,Toronto Blue Jays,,22,0.15,0.227,0.35,0.577,2,2,9.090909090909092,9.090909090909092
663330,Jahmai Jones,116,Detroit Tigers,,84,0.145,0.226,0.25,0.476,26,8,30.952380952380953,9.523809523809524
630105,Jake Cronenworth,135,San Diego Padres,,114,0.144,0.272,0.196,0.468,23,14,20.175438596491226,12.280701754385964
682634,Kevin Alcántara,112,Chicago Cubs,,8,0.143,0.25,0.143,0.393,3,1,37.5,12.5
695490,Edwin Arroyo,113,Cincinnati Reds,,7,0.143,0.143,0.143,0.286,5,0,71.42857142857143,0.0
669288,Daniel Johnson,117,Houston Astros,,17,0.143,0.294,0.143,0.437,3,2,17.647058823529413,11.76470588235294
666310,Bo Naylor,114,Cleveland Guardians,,90,0.143,0.2,0.238,0.438,21,6,23.333333333333332,6.666666666666667
666931,Jared Oliva,137,San Francisco Giants,,7,0.143,0.143,0.143,0.286,1,0,14.285714285714285,0.0
690022,Ryan Ritter,115,Colorado Rockies,,7,0.143,0.143,0.143,0.286,3,0,42.857142857142854,0.0
663647,Ke'Bryan Hayes,113,Cincinnati Reds,,128,0.142,0.195,0.225,0.42,20,8,15.625,6.25
623168,Tyler Heineman,141,Toronto Blue Jays,,80,0.141,0.197,0.183,0.38,18,2,22.5,2.5
680779,Henry Davis,134,Pittsburgh Pirates,,131,0.139,0.238,0.27,0.508,25,12,19.083969465648856,9.16030534351145
682622,Noelvi Marte,113,Cincinnati Reds,,31,0.138,0.194,0.138,0.332,10,2,32.25806451612903,6.451612903225806
624431,Jose Trevino,113,Cincinnati Reds,,32,0.138,0.167,0.172,0.339,5,1,15.625,3.125
665861,Sebastián Rivero,108,Los Angeles Angels,,49,0.133,0.188,0.156,0.344,11,3,22.448979591836736,6.122448979591836
663584,Hayden Senger,121,New York Mets,,17,0.133,0.133,0.333,0.466,4,0,23.52941176470588,0.0
660844,Leo Rivas,136,Seattle Mariners,,120,0.131,0.263,0.172,0.435,36,15,30.0,12.5
666023,Freddy Fermin,135,San Diego Padres,,116,0.13,0.233,0.17,0.403,26,12,22.413793103448278,10.344827586206897
676914,Davis Schneider,141,Toronto Blue Jays,,89,0.127,0.295,0.211,0.506,31,17,34.831460674157306,19.101123595505616
660644,Vidal Bruján,121,New York Mets,,10,0.125,0.222,0.125,0.347,0,1,0.0,10.0
699013,Esmerlyn Valdez,134,Pittsburgh Pirates,,18,0.125,0.222,0.5,0.722,9,2,50.0,11.11111111111111
677956,Rece Hinds,113,Cincinnati Reds,,36,0.121,0.167,0.212,0.379,18,1,50.0,2.7777777777777777
694376,Shay Whitcomb,117,Houston Astros,,18,0.118,0.167,0.294,0.461,9,1,50.0,5.555555555555555
608701,Rob Refsnyder,136,Seattle Mariners,,88,0.117,0.193,0.234,0.427,27,6,30.681818181818183,6.8181818181818175
600869,Jeimer Candelario,108,Los Angeles Angels,,20,0.111,0.2,0.222,0.422,8,1,40.0,5.0
656976,Pavin Smith,109,Arizona Diamondbacks,,12,0.111,0.333,0.111,0.444,3,3,25.0,25.0
675961,Alika Williams,133,Athletics,,10,0.1,0.1,0.1,0.2,5,0,50.0,0.0
700246,Carson Williams,139,Tampa Bay Rays,,33,0.1,0.156,0.133,0.289,11,2,33.33333333333333,6.0606060606060606
675659,Greg Jones,158,Milwaukee Brewers,,22,0.095,0.095,0.095,0.19,9,0,40.909090909090914,0.0
665561,Rafael Marchán,143,Philadelphia Phillies,,67,0.094,0.134,0.141,0.275,13,1,19.402985074626866,1.4925373134328357
663368,Blake Perkins,158,Milwaukee Brewers,,73,0.092,0.181,0.138,0.319,18,6,24.65753424657534,8.21917808219178
686554,Oliver Dunn,139,Tampa Bay Rays,,12,0.091,0.167,0.091,0.258,3,1,25.0,8.333333333333332
673490,Ha-Seong Kim,144,Atlanta Braves,,50,0.089,0.18,0.089,0.269,14,5,28.000000000000004,10.0
686823,Will Brennan,137,San Francisco Giants,,23,0.087,0.087,0.087,0.174,3,0,13.043478260869565,0.0
660710,Rodolfo Durán,135,San Diego Padres,,28,0.087,0.25,0.217,0.467,9,4,32.142857142857146,14.285714285714285
628451,Andy Ibáñez,121,New York Mets,,26,0.087,0.115,0.087,0.202,3,1,11.538461538461538,3.8461538461538463
467793,Carlos Santana,109,Arizona Diamondbacks,,26,0.083,0.154,0.125,0.279,8,2,30.76923076923077,7.6923076923076925
805249,Otto Kemp,143,Philadelphia Phillies,,27,0.08,0.148,0.08,0.228,10,1,37.03703703703704,3.7037037037037033
642851,Austin Wynns,133,Athletics,,43,0.077,0.143,0.077,0.22,10,3,23.25581395348837,6.976744186046512
683766,Christian Koss,137,San Francisco Giants,,15,0.071,0.133,0.143,0.276,2,0,13.333333333333334,0.0
506702,Sandy León,144,Atlanta Braves,,28,0.071,0.071,0.071,0.142,10,0,35.714285714285715,0.0
669221,Sean Murphy,144,Atlanta Braves,,14,0.071,0.071,0.071,0.142,6,0,42.857142857142854,0.0
663967,César Salazar,117,Houston Astros,,22,0.056,0.227,0.056,0.283,3,3,13.636363636363635,13.636363636363635
677060,Chad Stevens,115,Colorado Rockies,,24,0.053,0.208,0.053,0.261,7,4,29.166666666666668,16.666666666666664
680718,Addison Barger,141,Toronto Blue Jays,,28,0.045,0.214,0.091,0.305,7,5,25.0,17.857142857142858
690925,Clayton Beeter,120,Washington Nationals,,0,0.0,0.0,0.0,0.0,0,0,,
621112,Paul Blackburn,147,New York Yankees,,0,0.0,0.0,0.0,0.0,0,0,,
669208,Ryan Bliss,136,Seattle Mariners,,2,0.0,0.0,0.0,0.0,2,0,100.0,0.0
666185,Dylan Carlson,112,Chicago Cubs,,4,0.0,0.0,0.0,0.0,2,0,50.0,0.0
547973,Aroldis Chapman,111,Boston Red Sox,,0,0.0,0.0,0.0,0.0,0,0,,
661395,Jhoan Duran,143,Philadelphia Phillies,,0,0.0,0.0,0.0,0.0,0,0,,
668674,Lucas Erceg,118,Kansas City Royals,,0,0.0,0.0,0.0,0.0,0,0,,
608032,Carlos Estévez,118,Kansas City Royals,,0,0.0,0.0,0.0,0.0,0,0,,
664126,Pete Fairbanks,146,Miami Marlins,,0,0.0,0.0,0.0,0.0,0,0,,
656413,Stuart Fairchild,114,Cleveland Guardians,,5,0.0,0.0,0.0,0.0,5,0,100.0,0.0
607536,Kyle Freeland,115,Colorado Rockies,,0,0.0,0.0,0.0,0.0,0,0,,
800311,Didier Fuentes,144,Atlanta Braves,,0,0.0,0.0,0.0,0.0,0,0,,
806188,Cade Gibson,146,Miami Marlins,,0,0.0,0.0,0.0,0.0,0,0,,
669372,J.T. Ginn,133,Athletics,,0,0.0,0.0,0.0,0.0,0,0,,
668974,Maverick Handley,110,Baltimore Orioles,,1,0.0,0.0,0.0,0.0,1,0,100.0,0.0
695391,Brett Harris,133,Athletics,,6,0.0,0.333,0.0,0.333,2,1,33.33333333333333,16.666666666666664
628452,Raisel Iglesias,144,Atlanta Braves,,0,0.0,0.0,0.0,0.0,0,0,,
671083,Buddy Kennedy,137,San Francisco Giants,,4,0.0,0.0,0.0,0.0,2,0,50.0,0.0
641755,Tyler Kinley,144,Atlanta Braves,,0,0.0,0.0,0.0,0.0,0,0,,
656641,Jacob Latz,140,Texas Rangers,,0,0.0,0.0,0.0,0.0,0,0,,
695418,Brad Lord,120,Washington Nationals,,0,0.0,0.0,0.0,0.0,0,0,,
642528,Jonathan Loáisiga,109,Arizona Diamondbacks,,0,0.0,0.0,0.0,0.0,0,0,,
625643,Reynaldo López,144,Atlanta Braves,,0,0.0,0.0,0.0,0.0,0,0,,
656730,Trevor Megill,158,Milwaukee Brewers,,0,0.0,0.0,0.0,0.0,0,0,,
664238,Dylan Moore,143,Philadelphia Phillies,,15,0.0,0.2,0.0,0.2,6,3,40.0,20.0
703492,Nick Morabito,121,New York Mets,,12,0.0,0.083,0.0,0.083,9,0,75.0,0.0
694037,Daniel Palencia,112,Chicago Cubs,,0,0.0,0.0,0.0,0.0,0,0,,
694477,Chad Patrick,158,Milwaukee Brewers,,0,0.0,0.0,0.0,0.0,0,0,,
678022,Jack Perkins,133,Athletics,,0,0.0,0.0,0.0,0.0,0,0,,
502054,Tommy Pham,121,New York Mets,,14,0.0,0.071,0.0,0.071,7,1,50.0,7.142857142857142
682515,Logan Porter,137,San Francisco Giants,,0,0.0,0.0,0.0,0.0,0,0,,
693409,César Prieto,138,St. Louis Cardinals,,17,0.0,0.0,0.0,0.0,2,0,11.76470588235294,0.0
691620,Jeferson Quero,158,Milwaukee Brewers,,2,0.0,0.5,0.0,0.5,0,1,0.0,50.0
687377,Orlando Ribalta,120,Washington Nationals,,0,0.0,0.0,0.0,0.0,0,0,,
671286,Johnathan Rodríguez,110,Baltimore Orioles,,11,0.0,0.273,0.0,0.273,4,3,36.36363636363637,27.27272727272727
669020,Ryan Rolison,112,Chicago Cubs,,0,0.0,0.0,0.0,0.0,0,0,,
687606,Paxton Schultz,120,Washington Nationals,,0,0.0,0.0,0.0,0.0,0,0,,
666277,George Soriano,138,St. Louis Cardinals,,0,0.0,0.0,0.0,0.0,0,0,,
642100,Gabe Speier,136,Seattle Mariners,,0,0.0,0.0,0.0,0.0,0,0,,
663158,Robert Suarez,144,Atlanta Braves,,0,0.0,0.0,0.0,0.0,0,0,,
573204,Caleb Thielbar,112,Chicago Cubs,,0,0.0,0.0,0.0,0.0,0,0,,
676568,Ricky Vanasco,116,Detroit Tigers,,0,0.0,0.0,0.0,0.0,0,0,,
681402,Gus Varland,120,Washington Nationals,,0,0.0,0.0,0.0,0.0,0,0,,
680767,Victor Vodnik,115,Colorado Rockies,,0,0.0,0.0,0.0,0.0,0,0,,
596133,Luke Weaver,121,New York Mets,,0,0.0,0.0,0.0,0.0,0,0,,
676477,Garrett Whitlock,111,Boston Red Sox,,0,0.0,0.0,0.0,0.0,0,0,,
642207,Devin Williams,121,New York Mets,,0,0.0,0.0,0.0,0.0,0,0,,
663897,Luke Williams,144,Atlanta Braves,,1,0.0,1.0,0.0,1.0,0,1,0.0,100.0
