player_id,Name,team_id,team_name,Team,IP,GS,Pitches,ERA,WHIP,K/9,BB/9,SO,BB,BF,K%,BB%,SwStr%
695239,Robby Ahlstrom,140,Texas Rangers,,1.1,0,17,0.0,0.0,13.5,0.0,2,0,4,50.0,0.0,
671106,Logan Allen,114,Cleveland Guardians,,4.0,0,83,0.0,1.5,15.75,2.25,7,1,19,36.84210526315789,5.263157894736842,
681084,Tanner Andrews,141,Toronto Blue Jays,,3.0,0,43,0.0,1.0,3.0,6.0,1,2,11,9.090909090909092,18.181818181818183,
686930,Mason Barnett,133,Athletics,,6.0,0,107,0.0,1.0,12.0,6.0,8,4,23,34.78260869565217,17.391304347826086,
621389,Ty Blach,112,Chicago Cubs,,3.0,0,30,0.0,0.33,6.0,0.0,2,0,9,22.22222222222222,0.0,
592155,Cam Booser,139,Tampa Bay Rays,,3.0,0,47,0.0,0.67,12.0,3.0,4,1,11,36.36363636363637,9.090909090909092,
666126,Carlos Cortes,133,Athletics,,1.0,0,18,0.0,2.0,0.0,9.0,0,1,5,0.0,20.0,
672442,Yovanny Cruz,147,New York Yankees,,2.1,0,26,0.0,0.43,11.57,0.0,3,0,9,33.33333333333333,0.0,
689546,Nick Davila,136,Seattle Mariners,,7.1,0,122,0.0,1.23,4.91,7.36,4,6,29,13.793103448275861,20.689655172413794,
701474,Duncan Davitt,145,Chicago White Sox,,1.0,0,14,0.0,1.0,0.0,9.0,0,1,3,0.0,33.33333333333333,
650960,Daniel Duarte,121,New York Mets,,2.1,0,28,0.0,0.43,3.86,0.0,1,0,7,14.285714285714285,0.0,
664744,Jose Espada,110,Baltimore Orioles,,1.0,0,15,0.0,2.0,0.0,0.0,0,0,4,0.0,0.0,
681751,Lazaro Estrada,141,Toronto Blue Jays,,4.0,0,66,0.0,0.5,6.75,4.5,3,2,14,21.428571428571427,14.285714285714285,
657571,Caleb Ferguson,113,Cincinnati Reds,,6.1,0,83,0.0,0.47,9.95,0.0,7,0,23,30.434782608695656,0.0,
687941,Alec Gamboa,111,Boston Red Sox,,1.0,0,14,0.0,0.0,18.0,0.0,2,0,3,66.66666666666666,0.0,
680702,Joey Gerber,121,New York Mets,,3.0,0,57,0.0,1.0,15.0,3.0,5,1,12,41.66666666666667,8.333333333333332,
682445,Domingo Gonzalez,136,Seattle Mariners,,5.2,0,90,0.0,1.41,7.94,4.76,5,3,24,20.833333333333336,12.5,
623352,Josh Hader,117,Houston Astros,,2.0,0,35,0.0,0.5,18.0,4.5,4,1,7,57.14285714285714,14.285714285714285,
664059,Sam Haggerty,140,Texas Rangers,,1.0,0,6,0.0,0.0,0.0,0.0,0,0,3,0.0,0.0,
595978,Austin Hedges,114,Cleveland Guardians,,0.1,0,4,0.0,0.0,0.0,0.0,0,0,1,0.0,0.0,
700327,Welinton Herrera,115,Colorado Rockies,,2.1,0,45,0.0,1.29,7.71,3.86,2,1,10,20.0,10.0,
664731,P.J. Higgins,113,Cincinnati Reds,,1.0,0,10,0.0,0.0,9.0,0.0,1,0,3,33.33333333333333,0.0,
592454,Tommy Kahnle,111,Boston Red Sox,,2.0,0,34,0.0,2.0,4.5,9.0,1,2,9,11.11111111111111,22.22222222222222,
687531,William Kempner,146,Miami Marlins,,4.2,0,61,0.0,0.64,9.64,0.0,5,0,17,29.411764705882355,0.0,
657649,Jared Koenig,158,Milwaukee Brewers,,2.1,0,46,0.0,2.14,15.43,7.71,4,2,13,30.76923076923077,15.384615384615385,
621139,Brooks Kriske,133,Athletics,,2.2,0,38,0.0,1.13,6.75,3.38,2,1,11,18.181818181818183,9.090909090909092,
622761,Jorge Mateo,144,Atlanta Braves,,1.0,0,11,0.0,1.0,0.0,0.0,0,0,4,0.0,0.0,
685112,Zach McCambley,113,Cincinnati Reds,,3.0,0,49,0.0,1.33,12.0,6.0,4,2,14,28.57142857142857,14.285714285714285,
694646,Chayce McDermott,119,Los Angeles Dodgers,,1.0,0,16,0.0,1.0,9.0,0.0,1,0,4,25.0,0.0,
668834,Easton McGee,158,Milwaukee Brewers,,2.0,0,22,0.0,1.0,4.5,4.5,1,1,6,16.666666666666664,16.666666666666664,
624512,Reese McGuire,145,Chicago White Sox,,1.0,0,9,0.0,0.0,0.0,0.0,0,0,3,0.0,0.0,
682989,Victor Mederos,144,Atlanta Braves,,2.0,0,25,0.0,0.5,0.0,4.5,0,1,6,0.0,16.666666666666664,
621345,A.J. Minter,121,New York Mets,,4.1,0,72,0.0,0.92,12.46,2.08,6,1,17,35.294117647058826,5.88235294117647,
683627,Anthony Molina,144,Atlanta Braves,,2.0,0,26,0.0,0.5,0.0,4.5,0,1,6,0.0,16.666666666666664,
702752,Jonathan Pintaro,121,New York Mets,,3.2,0,52,0.0,0.27,7.36,2.45,3,1,12,25.0,8.333333333333332,
700842,Eduardo Rivera,111,Boston Red Sox,,3.1,0,41,0.0,0.3,8.1,0.0,3,0,10,30.0,0.0,
668670,Jake Rogers,116,Detroit Tigers,,1.1,0,20,0.0,1.5,6.75,0.0,1,0,6,16.666666666666664,0.0,
605441,Yacksel Ríos,112,Chicago Cubs,,1.2,0,13,0.0,0.0,10.8,0.0,2,0,5,40.0,0.0,
691594,Javier Sanoja,146,Miami Marlins,,2.0,0,22,0.0,0.5,4.5,0.0,1,0,7,14.285714285714285,0.0,
669298,TJ Shook,115,Colorado Rockies,,2.0,0,15,0.0,0.5,0.0,0.0,0,0,6,0.0,0.0,
681916,Dylan Smith,137,San Francisco Giants,,1.2,0,21,0.0,0.6,10.8,5.4,2,1,6,33.33333333333333,16.666666666666664,
805427,Drew Sommers,116,Detroit Tigers,,2.1,0,41,0.0,0.43,15.43,3.86,4,1,8,50.0,12.5,
592779,Brock Stewart,119,Los Angeles Dodgers,,2.0,0,28,0.0,0.5,13.5,4.5,3,1,7,42.857142857142854,14.285714285714285,
676702,Hunter Stratton,144,Atlanta Braves,,1.0,0,12,0.0,1.0,9.0,0.0,1,0,3,33.33333333333333,0.0,
596117,Garrett Stubbs,143,Philadelphia Phillies,,1.0,0,5,0.0,0.0,0.0,0.0,0,0,3,0.0,0.0,
701121,Logan VanWey,117,Houston Astros,,3.0,0,41,0.0,0.33,15.0,0.0,5,0,10,50.0,0.0,
592826,Vince Velasquez,112,Chicago Cubs,,2.1,0,31,0.0,0.43,3.86,0.0,1,0,8,12.5,0.0,
694360,Beck Way,118,Kansas City Royals,,1.0,0,13,0.0,1.0,18.0,0.0,2,0,4,50.0,0.0,
687721,Cameron Weston,110,Baltimore Orioles,,1.0,0,17,0.0,1.0,9.0,9.0,1,1,3,33.33333333333333,33.33333333333333,
684974,Craig Yoho,158,Milwaukee Brewers,,2.0,0,35,0.0,1.0,13.5,9.0,3,2,8,37.5,25.0,
676604,Tyler Zuber,146,Miami Marlins,,1.0,0,16,0.0,2.0,9.0,9.0,1,1,5,20.0,20.0,
686973,Louis Varland,141,Toronto Blue Jays,,33.1,0,538,0.27,0.96,11.61,2.43,43,9,127,33.85826771653544,7.086614173228346,
547973,Aroldis Chapman,111,Boston Red Sox,,19.2,0,297,0.46,0.92,11.9,4.12,26,9,77,33.76623376623377,11.688311688311687,
673513,Yuki Matsui,135,San Diego Padres,,17.0,0,247,0.53,0.94,10.06,4.76,19,9,66,28.78787878787879,13.636363636363635,
666374,Matt Brash,136,Seattle Mariners,,16.0,0,244,0.56,0.81,7.88,2.81,14,5,60,23.333333333333332,8.333333333333332,
663158,Robert Suarez,144,Atlanta Braves,,28.2,0,417,0.63,0.84,7.85,1.57,25,5,108,23.14814814814815,4.62962962962963,
670329,Rico Garcia,110,Baltimore Orioles,,26.1,0,361,0.68,0.61,10.25,3.08,30,9,93,32.25806451612903,9.67741935483871,
805299,Brandyn Garcia,109,Arizona Diamondbacks,,13.0,0,156,0.69,0.77,7.62,1.38,11,2,46,23.91304347826087,4.3478260869565215,
660271,Shohei Ohtani,119,Los Angeles Dodgers,,61.0,10,943,0.74,0.79,9.89,2.66,67,18,233,28.75536480686695,7.725321888412018,
686613,Hunter Brown,117,Houston Astros,,10.2,2,180,0.84,1.03,14.34,5.06,17,6,43,39.53488372093023,13.953488372093023,
628452,Raisel Iglesias,144,Atlanta Braves,,20.1,0,301,0.89,0.98,10.18,1.77,23,4,78,29.48717948717949,5.128205128205128,
695243,Mason Miller,135,San Diego Padres,,25.2,0,430,1.05,0.9,17.53,3.86,50,11,100,50.0,11.0,
696062,Wilber Dotel,134,Pittsburgh Pirates,,16.2,0,239,1.08,0.72,9.18,2.7,17,5,61,27.86885245901639,8.19672131147541,
642546,Jonathan Hernández,119,Los Angeles Dodgers,,8.0,0,112,1.13,0.38,9.0,2.25,8,2,28,28.57142857142857,7.142857142857142,
669276,Dylan Lee,144,Atlanta Braves,,30.2,0,453,1.17,0.62,11.15,1.47,38,5,111,34.234234234234236,4.504504504504505,
696070,Kendry Rojas,142,Minnesota Twins,,14.1,1,227,1.26,1.47,8.79,6.28,14,10,61,22.950819672131146,16.39344262295082,
661395,Jhoan Duran,143,Philadelphia Phillies,,20.2,0,329,1.31,0.82,14.37,2.18,33,5,77,42.857142857142854,6.493506493506493,
681810,Austin Warren,121,New York Mets,,20.1,1,335,1.33,1.13,9.74,3.98,22,9,83,26.506024096385545,10.843373493975903,
682243,Bryce Miller,136,Seattle Mariners,,27.0,4,401,1.33,0.78,9.67,1.67,29,5,99,29.292929292929294,5.05050505050505,
702153,Brian Fitzpatrick,158,Milwaukee Brewers,,6.2,0,109,1.35,1.5,6.75,4.05,5,3,30,16.666666666666664,10.0,
681895,Evan Sisk,134,Pittsburgh Pirates,,26.1,0,449,1.37,1.1,11.28,3.42,33,10,105,31.428571428571427,9.523809523809524,
689266,Dylan Dodd,144,Atlanta Braves,,12.2,0,181,1.42,0.71,11.37,1.42,16,2,47,34.04255319148936,4.25531914893617,
650911,Cristopher Sánchez,143,Philadelphia Phillies,,86.1,13,1237,1.46,1.09,10.74,1.77,103,17,349,29.512893982808023,4.871060171919771,
605218,Carl Edwards Jr.,121,New York Mets,,6.0,0,99,1.5,1.17,16.5,6.0,11,4,25,44.0,16.0,
695001,Alimber Santa,117,Houston Astros,,6.0,0,83,1.5,0.33,7.5,3.0,5,2,20,25.0,10.0,
548384,Brooks Raley,121,New York Mets,,23.1,0,378,1.54,1.24,10.41,4.24,27,11,100,27.0,11.0,
687377,Orlando Ribalta,120,Washington Nationals,,17.1,0,280,1.56,0.98,6.75,3.63,13,7,67,19.402985074626866,10.44776119402985,
678606,José A. Ferrer,136,Seattle Mariners,,28.2,0,439,1.57,1.19,7.85,1.26,25,4,121,20.66115702479339,3.3057851239669422,
690986,Kyle Harrison,158,Milwaukee Brewers,,57.1,11,987,1.57,1.03,11.46,2.51,73,16,229,31.877729257641924,6.986899563318777,
699134,Bradgley Rodriguez,135,San Diego Padres,,28.2,2,451,1.57,1.08,8.16,2.83,26,9,117,22.22222222222222,7.6923076923076925,
694819,Jacob Misiorowski,158,Milwaukee Brewers,,71.0,12,1084,1.65,0.79,13.69,2.41,108,19,273,39.56043956043956,6.95970695970696,
681217,Chase Silseth,108,Los Angeles Angels,,21.2,0,388,1.66,1.38,8.72,5.82,21,14,94,22.340425531914892,14.893617021276595,
700669,Gordon Graceffo,138,St. Louis Cardinals,,32.1,0,420,1.67,0.9,4.45,3.06,16,11,121,13.223140495867769,9.090909090909092,
660787,Yerry De los Santos,147,New York Yankees,,5.1,0,98,1.69,1.31,10.13,5.06,6,3,21,28.57142857142857,14.285714285714285,
694795,Josh Ekness,146,Miami Marlins,,5.1,0,98,1.69,1.31,8.44,8.44,5,5,22,22.727272727272727,22.727272727272727,
596001,Jakob Junis,140,Texas Rangers,,26.2,1,360,1.69,0.79,5.74,1.69,17,5,102,16.666666666666664,4.901960784313726,
663738,Daniel Lynch IV,118,Kansas City Royals,,26.1,0,408,1.71,0.95,9.91,2.73,29,8,107,27.102803738317753,7.476635514018691,
592094,Jason Adam,135,San Diego Padres,,21.0,0,354,1.71,1.14,5.57,2.14,13,5,87,14.942528735632186,5.747126436781609,
681870,Erik Sabrowski,114,Cleveland Guardians,,21.0,0,363,1.71,0.95,16.71,5.57,39,13,83,46.98795180722892,15.66265060240964,
664199,Taylor Clarke,109,Arizona Diamondbacks,,26.0,0,362,1.73,0.73,4.5,1.38,13,4,98,13.26530612244898,4.081632653061225,
676962,Ben Brown,112,Chicago Cubs,,57.0,6,846,1.74,0.88,9.16,2.53,58,16,220,26.36363636363636,7.2727272727272725,
675512,Troy Melton,116,Detroit Tigers,,20.2,3,262,1.74,0.87,3.92,2.61,9,6,79,11.39240506329114,7.59493670886076,
801434,Paul Gervase,119,Los Angeles Dodgers,,5.0,0,71,1.8,1.4,9.0,3.6,5,2,21,23.809523809523807,9.523809523809524,
671936,Adam Macko,141,Toronto Blue Jays,,10.0,1,174,1.8,1.1,8.1,0.9,9,1,41,21.951219512195124,2.4390243902439024,
663423,Trent Thornton,112,Chicago Cubs,,15.0,0,219,1.8,1.0,3.6,3.6,6,6,58,10.344827586206897,10.344827586206897,
687396,Brent Headrick,147,New York Yankees,,29.2,0,479,1.82,1.31,10.31,3.64,34,12,127,26.77165354330709,9.448818897637794,
663542,Bryan Hudson,145,Chicago White Sox,,29.1,3,482,1.84,1.23,8.59,3.38,28,11,123,22.76422764227642,8.94308943089431,
681676,Ryan Fernandez,138,St. Louis Cardinals,,9.2,0,167,1.86,1.34,15.83,4.66,17,5,43,39.53488372093023,11.627906976744185,
656641,Jacob Latz,140,Texas Rangers,,29.0,1,453,1.86,0.62,9.0,1.86,29,6,106,27.358490566037734,5.660377358490567,
640448,Kyle Finnegan,116,Detroit Tigers,,28.2,0,453,1.88,1.5,5.34,5.97,17,19,119,14.285714285714285,15.966386554621847,
693645,Cam Schlittler,147,New York Yankees,,76.1,13,1154,1.89,0.86,9.9,1.53,84,13,295,28.474576271186443,4.406779661016949,
681293,Spencer Arrighetti,117,Houston Astros,,51.0,9,840,1.94,1.18,8.12,4.76,46,27,217,21.19815668202765,12.442396313364055,
670059,Colin Holderman,114,Cleveland Guardians,,23.0,0,352,1.96,0.78,10.57,2.35,27,6,87,31.03448275862069,6.896551724137931,
681799,Ethan Roberts,112,Chicago Cubs,,18.1,0,291,1.96,1.09,6.87,3.44,14,7,72,19.444444444444446,9.722222222222223,
622608,Antonio Senzatela,115,Colorado Rockies,,36.1,0,497,1.98,0.96,7.43,2.48,30,10,140,21.428571428571427,7.142857142857142,
691799,Grant Taylor,145,Chicago White Sox,,31.2,4,545,1.99,1.07,13.36,2.56,47,9,129,36.434108527131784,6.976744186046512,
543037,Gerrit Cole,147,New York Yankees,,18.0,3,234,2.0,0.89,7.0,2.0,14,4,68,20.588235294117645,5.88235294117647,
518585,Fernando Cruz,147,New York Yankees,,27.0,0,436,2.0,1.19,11.0,4.67,33,14,111,29.72972972972973,12.612612612612612,
669084,DL Hall,158,Milwaukee Brewers,,31.0,1,539,2.03,1.23,9.29,6.97,32,24,126,25.396825396825395,19.047619047619047,
573009,Joe Mantiply,141,Toronto Blue Jays,,17.2,0,264,2.04,1.13,8.15,2.04,16,4,71,22.535211267605636,5.633802816901409,
695505,Chase Burns,113,Cincinnati Reds,,70.1,12,1088,2.05,0.95,10.36,2.69,81,21,273,29.67032967032967,7.6923076923076925,
696131,Mason Black,118,Kansas City Royals,,8.2,0,160,2.08,1.5,9.35,3.12,9,3,38,23.684210526315788,7.894736842105263,
656529,Sam Hentges,137,San Francisco Giants,,8.2,0,176,2.08,1.85,10.38,11.42,10,11,42,23.809523809523807,26.190476190476193,
663969,Tyler Phillips,146,Miami Marlins,,43.1,2,710,2.08,1.36,7.48,4.57,36,22,189,19.047619047619047,11.64021164021164,
641329,Bryan Baker,139,Tampa Bay Rays,,25.1,0,421,2.13,1.03,10.3,3.91,29,11,102,28.431372549019606,10.784313725490197,
681911,Alex Vesia,119,Los Angeles Dodgers,,21.0,0,368,2.14,0.95,12.0,4.29,28,10,83,33.734939759036145,12.048192771084338,
696147,Sam Bachman,108,Los Angeles Angels,,29.1,0,447,2.15,1.06,9.51,4.3,31,14,118,26.27118644067797,11.864406779661017,
702303,Riley Martin,112,Chicago Cubs,,8.1,1,118,2.16,0.84,10.8,2.16,10,2,31,32.25806451612903,6.451612903225806,
660825,Eduard Bazardo,136,Seattle Mariners,,28.2,0,471,2.2,1.36,7.85,3.14,25,10,121,20.66115702479339,8.264462809917356,
643511,Tyler Rogers,141,Toronto Blue Jays,,28.2,0,399,2.2,1.05,5.34,2.83,17,9,115,14.782608695652174,7.82608695652174,
519242,Chris Sale,144,Atlanta Braves,,72.2,12,1146,2.23,1.03,10.65,2.35,86,19,294,29.25170068027211,6.462585034013606,
623211,Huascar Brazobán,121,New York Mets,,32.0,5,482,2.25,1.0,7.31,3.66,26,13,128,20.3125,10.15625,
671109,Jake Eder,119,Los Angeles Dodgers,,4.0,0,56,2.25,1.0,2.25,2.25,1,1,15,6.666666666666667,6.666666666666667,
642759,Julian Fernández,120,Washington Nationals,,4.0,0,71,2.25,1.25,6.75,4.5,3,2,18,16.666666666666664,11.11111111111111,
663767,Chase Shugart,143,Philadelphia Phillies,,20.0,0,308,2.25,0.95,9.9,2.25,22,5,78,28.205128205128204,6.41025641025641,
663554,Casey Mize,116,Detroit Tigers,,47.2,9,697,2.27,0.97,9.25,2.27,49,12,185,26.486486486486488,6.486486486486487,
657097,Jacob Webb,112,Chicago Cubs,,27.2,0,497,2.28,1.3,10.73,3.25,33,10,118,27.966101694915253,8.47457627118644,
801139,Payton Tolle,111,Boston Red Sox,,47.1,8,688,2.28,0.97,9.7,2.47,51,13,187,27.27272727272727,6.951871657754011,
669165,Kyle Hurt,119,Los Angeles Dodgers,,19.2,0,263,2.29,0.97,10.98,3.2,24,7,77,31.16883116883117,9.090909090909092,
607259,Nick Martinez,139,Tampa Bay Rays,,70.2,12,985,2.29,1.19,5.35,1.66,42,13,291,14.432989690721648,4.4673539518900345,
642100,Gabe Speier,136,Seattle Mariners,,15.2,0,263,2.3,1.34,9.19,3.45,16,6,68,23.52941176470588,8.823529411764707,
667463,John King,146,Miami Marlins,,27.1,1,364,2.3,0.66,6.59,2.63,20,8,101,19.801980198019802,7.920792079207921,
554430,Zack Wheeler,143,Philadelphia Phillies,,50.2,8,754,2.31,0.83,8.53,2.13,48,12,189,25.396825396825395,6.349206349206349,
689147,Orion Kerkering,143,Philadelphia Phillies,,23.1,0,403,2.31,1.2,9.64,3.86,25,10,100,25.0,10.0,
694477,Chad Patrick,158,Milwaukee Brewers,,50.0,6,790,2.34,1.2,6.84,3.6,38,20,201,18.90547263681592,9.950248756218906,
676879,Aaron Ashby,158,Milwaukee Brewers,,38.1,1,652,2.35,1.33,12.44,4.46,53,19,163,32.515337423312886,11.65644171779141,
656794,Sean Newcomb,145,Chicago White Sox,,38.1,0,570,2.35,0.99,8.22,2.11,35,9,151,23.178807947019866,5.960264900662252,
694363,Jared Shuster,138,St. Louis Cardinals,,7.2,0,114,2.35,1.17,2.35,3.52,2,3,32,6.25,9.375,
656945,Tanner Scott,119,Los Angeles Dodgers,,26.2,0,385,2.36,0.75,10.46,1.01,31,3,99,31.313131313131315,3.0303030303030303,
666711,Joel Peguero,137,San Francisco Giants,,11.1,0,169,2.38,1.24,3.97,3.18,5,4,48,10.416666666666668,8.333333333333332,
605280,Clay Holmes,121,New York Mets,,52.2,9,828,2.39,1.1,7.69,3.08,45,18,215,20.930232558139537,8.372093023255815,
800048,Parker Messick,114,Cleveland Guardians,,75.0,13,1170,2.4,1.07,9.36,2.64,78,22,295,26.440677966101696,7.457627118644068,
615698,Cal Quantrill,140,Texas Rangers,,22.1,0,365,2.42,1.16,6.04,3.22,15,8,90,16.666666666666664,8.88888888888889,
691951,Sam Aldegheri,108,Los Angeles Angels,,11.0,1,191,2.45,1.36,5.73,4.09,7,5,48,14.583333333333334,10.416666666666668,
471911,Carlos Carrasco,144,Atlanta Braves,,7.1,0,87,2.45,0.82,4.91,0.0,4,0,29,13.793103448275861,0.0,
689149,Chad Dallas,141,Toronto Blue Jays,,3.2,0,68,2.45,1.09,4.91,4.91,2,2,15,13.333333333333334,13.333333333333334,
621107,Zach Eflin,110,Baltimore Orioles,,3.2,1,74,2.45,1.64,17.18,4.91,7,2,17,41.17647058823529,11.76470588235294,
690990,Cade Horton,112,Chicago Cubs,,7.1,2,92,2.45,0.82,4.91,2.45,4,2,26,15.384615384615385,7.6923076923076925,
694361,Will Klein,119,Los Angeles Dodgers,,25.2,1,418,2.45,1.25,9.47,3.16,27,9,107,25.233644859813083,8.411214953271028,
695418,Brad Lord,120,Washington Nationals,,40.1,0,674,2.45,0.99,7.59,2.23,34,10,165,20.606060606060606,6.0606060606060606,
666661,Juan Morillo,109,Arizona Diamondbacks,,25.2,0,431,2.45,1.09,11.57,3.86,33,11,108,30.555555555555557,10.185185185185185,
694037,Daniel Palencia,112,Chicago Cubs,,14.2,0,235,2.45,1.3,9.2,2.45,15,4,61,24.59016393442623,6.557377049180328,
593974,Wandy Peralta,135,San Diego Padres,,29.1,0,473,2.45,1.33,6.14,3.99,20,13,122,16.39344262295082,10.655737704918032,
663687,Hogan Harris,133,Athletics,,29.0,0,551,2.48,1.52,10.24,6.83,33,22,133,24.81203007518797,16.541353383458645,
676775,Keaton Winn,137,San Francisco Giants,,29.0,0,399,2.48,0.86,7.45,2.48,24,8,108,22.22222222222222,7.4074074074074066,
669020,Ryan Rolison,112,Chicago Cubs,,21.2,0,337,2.49,1.25,8.72,4.57,21,11,87,24.137931034482758,12.643678160919542,
681035,Christian Scott,121,New York Mets,,36.0,8,657,2.5,1.31,10.25,4.5,41,18,156,26.282051282051285,11.538461538461538,
593958,Eduardo Rodriguez,109,Arizona Diamondbacks,,78.2,13,1227,2.52,1.18,6.52,3.09,57,27,321,17.75700934579439,8.411214953271028,
800311,Didier Fuentes,144,Atlanta Braves,,25.0,1,436,2.52,1.04,10.08,3.24,28,9,102,27.450980392156865,8.823529411764707,
664854,Ryan Helsley,110,Baltimore Orioles,,10.2,0,192,2.53,1.31,12.66,5.91,15,7,46,32.608695652173914,15.217391304347828,
657044,Ryan Thompson,109,Arizona Diamondbacks,,21.1,0,320,2.53,1.22,5.91,2.95,14,7,89,15.730337078651685,7.865168539325842,
680755,Braydon Fisher,141,Toronto Blue Jays,,35.1,4,535,2.55,0.96,9.42,3.31,37,13,134,27.611940298507463,9.701492537313433,
666974,Yennier Cano,110,Baltimore Orioles,,21.0,0,297,2.57,0.81,6.86,1.71,16,4,79,20.253164556962027,5.063291139240507,
678020,Seth Halvorsen,115,Colorado Rockies,,14.0,0,254,2.57,1.57,9.0,6.43,14,10,64,21.875,15.625,
687330,Kevin Kelly,139,Tampa Bay Rays,,28.0,0,400,2.57,0.86,6.75,1.93,21,6,103,20.388349514563107,5.825242718446602,
596133,Luke Weaver,121,New York Mets,,28.0,0,419,2.57,0.96,8.68,2.57,27,8,111,24.324324324324326,7.207207207207207,
680744,Ty Madden,116,Detroit Tigers,,17.1,1,262,2.6,1.04,9.87,2.08,19,4,71,26.76056338028169,5.633802816901409,
663436,Davis Martin,145,Chicago White Sox,,72.1,12,1098,2.61,1.11,9.08,2.12,73,17,288,25.34722222222222,5.902777777777778,
680736,Justin Wrobleski,119,Los Angeles Dodgers,,68.2,10,992,2.62,1.0,5.77,1.83,44,14,274,16.05839416058394,5.109489051094891,
657424,Matt Gage,137,San Francisco Giants,,24.0,0,402,2.63,1.29,7.13,4.88,19,13,102,18.627450980392158,12.745098039215685,
693821,Bryce Elder,144,Atlanta Braves,,78.2,13,1135,2.63,1.08,7.67,2.63,67,23,320,20.9375,7.187499999999999,
687911,Bryan King,117,Houston Astros,,27.1,0,478,2.63,1.32,6.91,3.62,21,11,118,17.796610169491526,9.322033898305085,
701719,Tyler Samaniego,111,Boston Red Sox,,20.1,1,314,2.66,1.48,7.52,3.54,17,8,90,18.88888888888889,8.88888888888889,
676263,Jack Dreyer,119,Los Angeles Dodgers,,23.2,0,367,2.66,0.97,9.13,2.28,24,6,93,25.806451612903224,6.451612903225806,
700712,Walbert Ureña,108,Los Angeles Angels,,50.1,9,860,2.68,1.33,8.58,5.01,48,28,218,22.018348623853214,12.844036697247708,
670183,Garrett Acton,142,Minnesota Twins,,6.2,0,115,2.7,1.05,12.15,4.05,9,3,28,32.142857142857146,10.714285714285714,
669373,Tarik Skubal,116,Detroit Tigers,,43.1,7,626,2.7,0.95,9.35,1.25,45,6,166,27.10843373493976,3.614457831325301,
607192,Tyler Glasnow,119,Los Angeles Dodgers,,39.2,7,599,2.72,0.83,11.12,2.95,49,13,148,33.108108108108105,8.783783783783784,
667755,José Soriano,108,Los Angeles Angels,,76.0,13,1263,2.72,1.21,10.07,4.5,85,38,314,27.070063694267514,12.101910828025478,
701656,Logan Henderson,158,Milwaukee Brewers,,23.0,5,354,2.74,1.04,11.74,2.35,30,6,90,33.33333333333333,6.666666666666667,
669372,J.T. Ginn,133,Athletics,,65.2,11,1013,2.74,1.08,8.22,3.7,60,27,262,22.900763358778626,10.305343511450381,
681867,Cooper Criswell,136,Seattle Mariners,,29.1,0,430,2.76,1.06,7.06,2.15,23,7,112,20.535714285714285,6.25,
690928,Hunter Dobbins,138,St. Louis Cardinals,,13.0,1,218,2.77,1.31,9.69,4.85,14,7,53,26.41509433962264,13.20754716981132,
665622,Luis Medina,133,Athletics,,26.0,1,448,2.77,1.31,9.69,4.15,28,12,111,25.225225225225223,10.81081081081081,
676106,Emerson Hancock,136,Seattle Mariners,,70.2,12,1096,2.8,0.95,8.92,1.91,70,15,271,25.830258302583026,5.535055350553505,
666277,George Soriano,138,St. Louis Cardinals,,25.2,0,401,2.81,1.09,7.71,3.51,22,10,105,20.952380952380953,9.523809523809524,
676974,Max Meyer,146,Miami Marlins,,73.2,13,1170,2.81,1.05,9.9,3.3,81,27,301,26.910299003322258,8.970099667774086,
671922,Cade Smith,114,Cleveland Guardians,,28.2,0,491,2.83,1.08,13.5,1.57,43,5,115,37.391304347826086,4.3478260869565215,
676428,Brant Hurter,116,Detroit Tigers,,25.1,0,360,2.84,1.07,6.39,4.26,18,12,101,17.82178217821782,11.881188118811881,
663556,Shane McClanahan,139,Tampa Bay Rays,,60.0,12,954,2.85,1.1,8.85,3.15,59,21,247,23.88663967611336,8.502024291497975,
808967,Yoshinobu Yamamoto,119,Los Angeles Dodgers,,69.1,11,1062,2.86,1.0,8.96,1.95,69,15,270,25.555555555555554,5.555555555555555,
642397,Gregory Soto,134,Pittsburgh Pirates,,28.1,0,466,2.86,0.88,10.8,3.81,34,12,111,30.630630630630627,10.81081081081081,
675660,Shane Drohan,158,Milwaukee Brewers,,31.1,2,497,2.87,1.15,9.48,2.87,33,10,130,25.384615384615383,7.6923076923076925,
607074,Carlos Rodón,147,New York Yankees,,25.0,5,450,2.88,1.2,9.72,5.76,27,16,104,25.961538461538463,15.384615384615385,
621112,Paul Blackburn,147,New York Yankees,,28.0,1,429,2.89,1.29,6.11,3.54,19,11,115,16.52173913043478,9.565217391304348,
595014,Blake Treinen,119,Los Angeles Dodgers,,18.1,0,283,2.95,1.25,8.84,3.44,18,7,78,23.076923076923077,8.974358974358974,
656464,Kevin Ginkel,109,Arizona Diamondbacks,,24.1,0,388,2.96,1.03,10.73,2.22,29,6,96,30.208333333333332,6.25,
670167,John Schreiber,118,Kansas City Royals,,24.1,0,397,2.96,1.32,5.92,4.07,16,11,101,15.841584158415841,10.891089108910892,
594580,Sam Moll,113,Cincinnati Reds,,27.1,0,468,2.96,1.1,9.55,4.28,29,13,114,25.438596491228072,11.403508771929824,
700241,Michael McGreevy,138,St. Louis Cardinals,,66.1,12,1050,2.98,1.1,5.97,2.31,44,17,262,16.793893129770993,6.488549618320611,
660853,Enyel De Los Santos,117,Houston Astros,,27.0,0,397,3.0,0.93,9.0,1.67,27,5,107,25.233644859813083,4.672897196261682,
642528,Jonathan Loáisiga,109,Arizona Diamondbacks,,24.0,0,385,3.0,1.21,6.0,2.63,16,7,98,16.3265306122449,7.142857142857142,
663558,Jovani Morán,111,Boston Red Sox,,33.0,3,519,3.0,1.06,10.36,4.09,38,15,134,28.35820895522388,11.194029850746269,
660604,Alan Rangel,143,Philadelphia Phillies,,3.0,0,44,3.0,1.0,15.0,0.0,5,0,12,41.66666666666667,0.0,
656876,Drew Rasmussen,139,Tampa Bay Rays,,66.0,12,1018,3.0,0.92,8.73,1.64,64,12,258,24.8062015503876,4.651162790697675,
694918,Blade Tidwell,137,San Francisco Giants,,12.0,0,182,3.0,1.08,7.5,2.25,10,3,47,21.27659574468085,6.382978723404255,
527048,Martín Pérez,144,Atlanta Braves,,56.2,9,885,3.02,1.06,7.46,3.18,47,20,225,20.88888888888889,8.88888888888889,
815083,Mitch Farris,108,Los Angeles Angels,,23.2,0,405,3.04,1.52,8.37,4.18,22,11,103,21.35922330097087,10.679611650485436,
656302,Dylan Cease,141,Toronto Blue Jays,,62.0,11,1080,3.05,1.21,13.35,3.77,92,26,258,35.65891472868217,10.077519379844961,
682120,Tim Herrin,114,Cleveland Guardians,,20.2,0,374,3.05,1.5,7.84,6.1,18,14,95,18.947368421052634,14.736842105263156,
678906,Kai-Wei Teng,117,Houston Astros,,47.0,6,759,3.06,1.17,8.43,4.02,44,21,190,23.157894736842106,11.052631578947368,
657746,Joe Ryan,142,Minnesota Twins,,76.1,14,1231,3.07,1.0,9.9,1.89,84,16,308,27.27272727272727,5.194805194805195,
694973,Paul Skenes,134,Pittsburgh Pirates,,70.0,13,1145,3.09,0.91,10.54,1.67,82,13,278,29.496402877697843,4.676258992805756,
664141,JT Brubaker,137,San Francisco Giants,,32.0,0,534,3.09,1.34,6.47,4.78,23,17,133,17.293233082706767,12.781954887218044,
595345,Steven Okert,117,Houston Astros,,29.0,1,452,3.1,0.97,7.76,3.1,25,10,114,21.929824561403507,8.771929824561402,
641302,Tyler Alexander,140,Texas Rangers,,26.0,1,435,3.12,1.38,7.27,2.77,21,8,113,18.58407079646018,7.079646017699115,
663992,Richard Lovelady,120,Washington Nationals,,26.0,4,453,3.12,1.73,7.96,6.58,23,19,122,18.852459016393443,15.573770491803279,
683618,Edgardo Henriquez,119,Los Angeles Dodgers,,23.0,0,364,3.13,1.04,8.61,3.52,22,9,94,23.404255319148938,9.574468085106384,
669199,Lake Bachar,146,Miami Marlins,,34.1,2,550,3.15,0.87,9.96,2.88,38,11,135,28.14814814814815,8.148148148148149,
681982,Grant Anderson,158,Milwaukee Brewers,,25.2,0,377,3.16,1.05,6.66,2.81,19,8,96,19.791666666666664,8.333333333333332,
669622,Anthony Bender,146,Miami Marlins,,25.2,0,389,3.16,0.86,9.82,3.16,28,9,102,27.450980392156865,8.823529411764707,
702056,Trey Yesavage,141,Toronto Blue Jays,,42.2,8,707,3.16,1.17,9.28,4.01,44,19,173,25.43352601156069,10.982658959537572,
542888,Shawn Armstrong,114,Cleveland Guardians,,17.0,0,303,3.18,1.18,10.59,4.24,20,8,70,28.57142857142857,11.428571428571429,
691945,Carter Baumler,140,Texas Rangers,,5.2,0,117,3.18,1.76,9.53,9.53,6,6,27,22.22222222222222,22.22222222222222,
690925,Clayton Beeter,120,Washington Nationals,,17.0,0,295,3.18,1.35,9.53,6.88,18,13,74,24.324324324324326,17.56756756756757,
572143,Burch Smith,116,Detroit Tigers,,17.0,1,287,3.18,1.47,10.59,3.71,20,7,73,27.397260273972602,9.58904109589041,
543243,Sonny Gray,111,Boston Red Sox,,56.1,11,864,3.2,1.24,7.03,2.56,44,16,233,18.88412017167382,6.866952789699571,
668909,Gavin Williams,114,Cleveland Guardians,,81.2,13,1240,3.2,1.08,10.36,2.76,94,25,324,29.01234567901235,7.716049382716049,
676477,Garrett Whitlock,111,Boston Red Sox,,19.2,0,319,3.2,1.12,11.44,2.75,25,6,81,30.864197530864196,7.4074074074074066,
608331,Max Fried,147,New York Yankees,,61.2,10,917,3.21,1.01,7.3,2.77,50,19,240,20.833333333333336,7.916666666666666,
685126,Brandon Eisert,145,Chicago White Sox,,14.0,2,260,3.21,1.21,9.64,3.21,15,5,59,25.423728813559322,8.47457627118644,
701542,Will Warren,147,New York Yankees,,64.1,12,1055,3.22,1.2,9.79,2.66,70,19,271,25.830258302583026,7.011070110701106,
641755,Tyler Kinley,144,Atlanta Braves,,27.2,0,450,3.25,1.19,10.08,2.93,31,9,116,26.72413793103448,7.758620689655173,
668984,Casey Legumina,139,Tampa Bay Rays,,27.2,0,433,3.25,1.34,6.83,1.95,21,6,117,17.94871794871795,5.128205128205128,
813349,Connelly Early,111,Boston Red Sox,,66.1,12,1084,3.26,1.18,8.55,3.12,63,23,277,22.743682310469314,8.303249097472925,
699823,Tyler Davis,145,Chicago White Sox,,19.1,0,276,3.26,0.98,7.91,4.19,17,9,77,22.07792207792208,11.688311688311687,
682608,Peyton Gray,140,Texas Rangers,,19.1,0,323,3.26,1.19,9.31,3.26,20,7,85,23.52941176470588,8.235294117647058,
677955,Jaden Hill,115,Colorado Rockies,,22.0,0,378,3.27,1.41,9.82,4.91,24,12,98,24.489795918367346,12.244897959183673,
572955,Pierce Johnson,113,Cincinnati Reds,,22.0,0,367,3.27,1.23,8.18,3.27,20,8,92,21.73913043478261,8.695652173913043,
686580,Justin Slaten,111,Boston Red Sox,,11.0,0,175,3.27,1.18,11.45,3.27,14,4,46,30.434782608695656,8.695652173913043,
677952,Braxton Ashcraft,134,Pittsburgh Pirates,,79.2,13,1143,3.28,1.08,9.72,1.92,86,17,322,26.70807453416149,5.279503105590062,
676571,PJ Poulin,120,Washington Nationals,,24.2,7,455,3.28,1.46,6.2,5.84,17,16,106,16.037735849056602,15.09433962264151,
686993,Justin Sterner,133,Athletics,,30.0,0,471,3.3,1.03,8.1,2.1,27,7,120,22.5,5.833333333333333,
677161,Zack Kelly,111,Boston Red Sox,,16.1,0,283,3.31,1.29,7.71,3.86,14,7,71,19.718309859154928,9.859154929577464,
681190,Randy Vásquez,135,San Diego Padres,,65.1,12,1055,3.31,1.22,6.89,2.48,50,18,269,18.587360594795538,6.691449814126393,
663568,Stephen Kolek,118,Kansas City Royals,,38.0,6,554,3.32,0.97,6.39,1.89,27,8,149,18.120805369127517,5.369127516778524,
668933,Graham Ashcraft,113,Cincinnati Reds,,27.0,0,450,3.33,1.22,10.67,5.33,32,16,109,29.357798165137616,14.678899082568808,
592332,Kevin Gausman,141,Toronto Blue Jays,,75.0,13,1202,3.36,1.09,8.88,1.68,74,14,305,24.262295081967213,4.590163934426229,
680916,Franco Aleman,114,Cleveland Guardians,,2.2,0,52,3.38,1.5,3.38,3.38,1,1,10,10.0,10.0,
681252,Jack Anderson,111,Boston Red Sox,,8.0,0,124,3.38,1.25,6.75,2.25,6,2,32,18.75,6.25,
656271,Brock Burke,113,Cincinnati Reds,,29.1,0,483,3.38,1.4,8.9,5.52,29,18,129,22.48062015503876,13.953488372093023,
676395,Robert Garcia,140,Texas Rangers,,8.0,0,153,3.38,1.5,6.75,7.88,6,7,34,17.647058823529413,20.588235294117645,
624133,Ranger Suarez,111,Boston Red Sox,,58.2,11,915,3.38,1.16,8.74,2.91,57,19,238,23.949579831932773,7.9831932773109235,
700413,Tyler Uberstine,111,Boston Red Sox,,2.2,0,45,3.38,1.5,6.75,3.38,2,1,11,18.181818181818183,9.090909090909092,
650633,Michael King,135,San Diego Padres,,74.0,13,1182,3.41,1.12,8.39,3.53,69,29,296,23.31081081081081,9.797297297297296,
681892,Kody Funderburk,142,Minnesota Twins,,18.1,0,309,3.44,1.47,4.91,7.85,10,16,82,12.195121951219512,19.51219512195122,
608379,Michael Wacha,118,Kansas City Royals,,81.0,13,1173,3.44,1.14,7.44,2.89,67,26,327,20.489296636085626,7.951070336391437,
668873,Caleb Kilian,137,San Francisco Giants,,28.2,0,457,3.45,1.22,9.73,4.71,31,15,121,25.6198347107438,12.396694214876034,
687064,Brandon Young,110,Baltimore Orioles,,49.1,9,777,3.47,1.34,6.75,3.1,37,17,214,17.289719626168225,7.943925233644859,
623149,Paul Sewald,109,Arizona Diamondbacks,,23.1,0,346,3.47,0.73,10.03,2.31,26,6,88,29.545454545454547,6.8181818181818175,
594798,Jacob deGrom,140,Texas Rangers,,64.2,12,1055,3.48,1.01,10.86,1.81,78,13,259,30.115830115830118,5.019305019305019,
669093,Jeremiah Estrada,135,San Diego Padres,,20.2,0,322,3.48,1.11,10.02,4.35,23,10,82,28.04878048780488,12.195121951219512,
642232,Ryan Yarbrough,147,New York Yankees,,20.2,0,342,3.48,1.11,6.97,3.48,16,8,87,18.39080459770115,9.195402298850574,
647336,Michael Soroka,109,Arizona Diamondbacks,,67.0,12,1088,3.49,1.19,8.87,2.01,66,15,280,23.57142857142857,5.357142857142857,
641835,Tim Mayza,143,Philadelphia Phillies,,28.1,1,421,3.49,0.99,8.58,2.22,27,7,112,24.107142857142858,6.25,
605130,Scott Barlow,133,Athletics,,28.0,0,455,3.54,1.07,7.39,4.82,23,15,119,19.327731092436977,12.605042016806722,
668941,JoJo Romero,138,St. Louis Cardinals,,28.0,0,479,3.54,1.25,9.0,3.54,28,11,118,23.728813559322035,9.322033898305085,
674841,Andrew Alvarez,120,Washington Nationals,,20.1,1,340,3.54,1.23,9.74,2.66,22,6,82,26.82926829268293,7.317073170731707,
693686,Spencer Miles,141,Toronto Blue Jays,,40.2,2,656,3.54,1.11,8.63,2.88,39,13,166,23.49397590361446,7.83132530120482,
677958,Kumar Rocker,140,Texas Rangers,,61.0,11,1026,3.54,1.33,7.23,3.84,49,26,262,18.702290076335878,9.923664122137405,
656222,Jalen Beeks,140,Texas Rangers,,25.1,0,393,3.55,1.3,7.46,2.84,21,8,108,19.444444444444446,7.4074074074074066,
663567,Peter Lambert,117,Houston Astros,,50.2,9,857,3.55,1.26,8.35,4.44,47,25,214,21.962616822429908,11.682242990654206,
671737,Taj Bradley,142,Minnesota Twins,,60.2,11,1068,3.56,1.32,10.38,3.86,70,26,261,26.81992337164751,9.961685823754788,
641745,Brad Keller,143,Philadelphia Phillies,,27.2,0,464,3.58,1.23,9.43,2.93,29,9,116,25.0,7.758620689655173,
666619,Gregory Santos,137,San Francisco Giants,,5.0,0,86,3.6,1.6,1.8,5.4,1,3,22,4.545454545454546,13.636363636363635,
804636,Jonah Tong,121,New York Mets,,10.0,0,187,3.6,1.5,6.3,6.3,7,7,47,14.893617021276595,14.893617021276595,
605540,Brandon Woodruff,158,Milwaukee Brewers,,30.0,6,415,3.6,1.03,7.5,2.1,25,7,121,20.66115702479339,5.785123966942149,
676917,Cade Cavalli,120,Washington Nationals,,64.2,13,1100,3.62,1.42,10.3,3.34,74,24,291,25.42955326460481,8.24742268041237,
656492,Foster Griffin,120,Washington Nationals,,72.0,13,1172,3.63,1.1,8.63,2.63,69,21,297,23.232323232323232,7.07070707070707,
642547,Freddy Peralta,121,New York Mets,,72.0,13,1241,3.63,1.32,9.25,3.75,74,30,309,23.948220064724918,9.70873786407767,
664991,Grant Wolfram,110,Baltimore Orioles,,17.1,0,282,3.63,1.38,11.94,0.52,23,1,78,29.48717948717949,1.282051282051282,
657514,Brennan Bernardino,115,Colorado Rockies,,24.2,2,380,3.65,1.22,6.57,2.19,18,6,104,17.307692307692307,5.769230769230769,
664076,Garrett Cleavinger,139,Tampa Bay Rays,,12.1,0,206,3.65,1.46,12.41,5.11,17,7,55,30.909090909090907,12.727272727272727,
694346,Trey Gibson,110,Baltimore Orioles,,12.1,2,217,3.65,1.62,3.65,5.11,5,7,55,9.090909090909092,12.727272727272727,
669724,Brenan Hanifee,116,Detroit Tigers,,12.1,2,175,3.65,1.38,4.38,2.92,6,4,52,11.538461538461538,7.6923076923076925,
669387,Carmen Mlodzinski,134,Pittsburgh Pirates,,59.0,9,992,3.66,1.39,7.47,3.05,49,20,253,19.367588932806324,7.905138339920949,
676051,Codi Heuer,114,Cleveland Guardians,,7.1,0,141,3.68,1.5,6.14,3.68,5,3,34,14.705882352941178,8.823529411764707,
647315,Zach Pop,143,Philadelphia Phillies,,7.1,1,130,3.68,1.09,7.36,3.68,6,3,31,19.35483870967742,9.67741935483871,
656848,Michael Petersen,146,Miami Marlins,,24.1,0,393,3.7,1.15,9.99,4.07,27,11,100,27.0,11.0,
686560,Gavin Collyer,140,Texas Rangers,,17.0,0,313,3.71,1.41,7.94,7.41,15,14,76,19.736842105263158,18.421052631578945,
672782,Yoendrys Gómez,142,Minnesota Twins,,31.1,0,526,3.73,1.31,8.9,4.6,31,16,137,22.62773722627737,11.678832116788321,
693433,Bryan Woo,136,Seattle Mariners,,77.0,13,1126,3.74,1.0,8.77,1.64,75,14,306,24.509803921568626,4.57516339869281,
622088,Tejay Antone,113,Cincinnati Reds,,12.0,0,193,3.75,1.17,9.0,3.0,12,4,50,24.0,8.0,
695611,Gage Jump,133,Athletics,,12.0,2,173,3.75,1.17,7.5,1.5,10,2,49,20.408163265306122,4.081632653061225,
669302,Logan Gilbert,136,Seattle Mariners,,73.2,13,1200,3.79,1.1,9.41,2.08,77,17,298,25.838926174496645,5.704697986577181,
676534,Calvin Faucher,146,Miami Marlins,,26.0,0,469,3.81,1.65,10.38,7.27,30,21,119,25.210084033613445,17.647058823529413,
676617,Riley O'Brien,138,St. Louis Cardinals,,28.1,0,461,3.81,1.16,9.53,2.22,30,7,119,25.210084033613445,5.88235294117647,
669947,Jesse Scholtens,139,Tampa Bay Rays,,37.2,2,601,3.82,1.27,7.17,2.63,30,11,164,18.29268292682927,6.707317073170732,
683409,Angel Chivilli,147,New York Yankees,,2.1,0,60,3.86,2.14,11.57,11.57,3,3,13,23.076923076923077,23.076923076923077,
683769,Hunter Gaddis,114,Cleveland Guardians,,16.1,0,279,3.86,1.47,7.71,3.31,14,6,74,18.91891891891892,8.108108108108109,
676510,Nolan Hoffman,143,Philadelphia Phillies,,4.2,0,82,3.86,1.93,3.86,5.79,2,3,21,9.523809523809524,14.285714285714285,
656550,Grant Holmes,144,Atlanta Braves,,63.0,12,997,3.86,1.32,8.14,3.86,57,27,269,21.189591078066915,10.037174721189592,
667297,Tommy Nance,141,Toronto Blue Jays,,21.0,0,308,3.86,1.14,10.71,3.43,25,8,85,29.411764705882355,9.411764705882353,
664074,Cody Ponce,141,Toronto Blue Jays,,2.1,1,47,3.86,0.86,11.57,3.86,3,1,10,30.0,10.0,
692230,Carlos Rodriguez,158,Milwaukee Brewers,,9.1,0,182,3.86,1.5,7.71,3.86,8,4,42,19.047619047619047,9.523809523809524,
677960,Ryan Weathers,147,New York Yankees,,70.0,12,1117,3.86,1.16,10.16,2.57,79,20,285,27.719298245614034,7.017543859649122,
680732,Sean Burke,145,Chicago White Sox,,69.2,10,1156,3.88,1.18,8.66,2.97,67,23,291,23.02405498281787,7.903780068728522,
801403,Chase Dollander,115,Colorado Rockies,,44.0,3,743,3.89,1.3,9.61,3.68,47,18,189,24.867724867724867,9.523809523809524,
680694,Kyle Bradish,110,Baltimore Orioles,,69.1,13,1203,3.89,1.51,8.83,4.67,68,36,302,22.516556291390728,11.920529801324504,
607625,Seth Lugo,118,Kansas City Royals,,76.0,13,1212,3.91,1.36,7.58,2.84,64,24,321,19.937694704049843,7.476635514018691,
622554,Seranthony Domínguez,145,Chicago White Sox,,23.0,0,420,3.91,1.17,11.35,4.7,29,12,99,29.292929292929294,12.121212121212121,
676282,Joey Cantillo,114,Cleveland Guardians,,62.0,13,1098,3.92,1.45,8.13,4.94,56,34,266,21.052631578947366,12.781954887218044,
669062,Erik Miller,137,San Francisco Giants,,18.1,0,396,3.93,1.53,12.76,6.87,26,14,83,31.32530120481928,16.867469879518072,
608650,Dietrich Enns,110,Baltimore Orioles,,16.0,0,291,3.94,1.5,7.31,6.19,13,11,70,18.571428571428573,15.714285714285714,
676760,Ron Marinaccio,135,San Diego Padres,,32.0,0,545,3.94,1.25,7.59,2.53,27,9,130,20.76923076923077,6.923076923076923,
623454,Drew Anderson,116,Detroit Tigers,,41.0,1,673,3.95,1.22,10.54,3.51,48,16,172,27.906976744186046,9.30232558139535,
672456,Keider Montero,116,Detroit Tigers,,66.0,12,944,3.95,1.03,6.0,2.18,44,16,264,16.666666666666664,6.0606060606060606,
669467,Andre Pallante,138,St. Louis Cardinals,,63.2,12,1080,3.96,1.3,7.21,3.25,51,23,274,18.613138686131386,8.394160583941606,
689254,Mason Fluharty,141,Toronto Blue Jays,,25.0,3,452,3.96,1.4,12.24,3.6,34,10,109,31.19266055045872,9.174311926605505,
669711,Greg Weissert,111,Boston Red Sox,,25.0,0,421,3.96,1.32,9.0,2.88,25,8,108,23.14814814814815,7.4074074074074066,
684049,Brandan Bidois,134,Pittsburgh Pirates,,11.1,0,198,3.97,1.32,10.32,5.56,13,7,48,27.083333333333332,14.583333333333334,
571578,Patrick Corbin,141,Toronto Blue Jays,,54.1,11,867,3.98,1.38,6.13,2.65,37,16,234,15.81196581196581,6.837606837606838,
608372,Tomoyuki Sugano,115,Colorado Rockies,,63.1,12,1020,3.98,1.26,5.12,2.56,36,18,265,13.584905660377359,6.7924528301886795,
690953,Mick Abel,142,Minnesota Twins,,20.1,3,357,3.98,1.57,10.18,4.43,23,10,93,24.731182795698924,10.75268817204301,
675911,Spencer Strider,144,Atlanta Braves,,36.0,7,623,4.0,1.28,10.75,4.75,43,19,148,29.054054054054053,12.837837837837837,
694738,Landen Roupp,137,San Francisco Giants,,69.2,13,1237,4.0,1.29,9.95,3.88,77,30,293,26.27986348122867,10.238907849829351,
544150,Albert Suárez,110,Baltimore Orioles,,24.2,0,401,4.01,1.38,5.47,4.01,15,11,107,14.018691588785046,10.2803738317757,
679883,Luinder Avila,118,Kansas City Royals,,31.1,3,579,4.02,1.6,8.04,5.46,28,19,134,20.8955223880597,14.17910447761194,
682842,Abner Uribe,158,Milwaukee Brewers,,22.1,0,363,4.03,1.25,9.27,3.63,23,9,95,24.210526315789473,9.473684210526317,
656638,Alex Lange,118,Kansas City Royals,,29.0,0,522,4.03,1.38,9.62,4.66,31,15,124,25.0,12.096774193548388,
808963,Roki Sasaki,119,Los Angeles Dodgers,,58.0,11,994,4.03,1.26,9.31,3.26,60,21,247,24.291497975708502,8.502024291497975,
669923,George Kirby,136,Seattle Mariners,,78.0,13,1195,4.04,1.28,7.38,2.08,64,18,323,19.814241486068113,5.572755417956656,
668964,Tobias Myers,121,New York Mets,,33.1,2,460,4.05,1.08,7.02,1.89,26,7,134,19.402985074626866,5.223880597014925,
671096,Andrew Abbott,113,Cincinnati Reds,,68.2,13,1180,4.06,1.44,6.16,4.06,47,31,298,15.771812080536913,10.40268456375839,
665152,Dean Kremer,110,Baltimore Orioles,,11.0,2,175,4.09,0.91,13.09,1.64,16,2,43,37.2093023255814,4.651162790697675,
543135,Nathan Eovaldi,140,Texas Rangers,,74.2,12,1103,4.1,1.18,8.92,2.05,74,17,314,23.56687898089172,5.414012738853503,
679358,Eric Orze,142,Minnesota Twins,,30.2,0,495,4.11,1.43,7.92,4.4,27,15,136,19.852941176470587,11.029411764705882,
663460,Kris Bubic,118,Kansas City Royals,,50.1,9,811,4.11,1.23,9.12,4.65,51,26,207,24.637681159420293,12.560386473429952,
676755,Isaac Mattson,134,Pittsburgh Pirates,,19.2,0,357,4.12,1.47,6.86,4.58,15,10,87,17.24137931034483,11.494252873563218,
592662,Robbie Ray,137,San Francisco Giants,,67.2,13,1237,4.12,1.4,8.38,4.79,63,36,290,21.72413793103448,12.413793103448276,
670036,Matt Festa,114,Cleveland Guardians,,28.1,0,432,4.13,1.09,10.16,2.54,32,8,119,26.89075630252101,6.722689075630252,
669330,Tyler Wells,110,Baltimore Orioles,,28.1,0,457,4.13,1.2,8.58,2.22,27,7,117,23.076923076923077,5.982905982905983,
680604,Blas Castaño,115,Colorado Rockies,,13.0,0,215,4.15,1.23,8.31,2.77,12,4,53,22.641509433962266,7.547169811320755,
804619,John Klein,142,Minnesota Twins,,4.1,0,82,4.15,1.62,4.15,8.31,2,4,19,10.526315789473683,21.052631578947366,
805673,Zebby Matthews,142,Minnesota Twins,,30.1,5,471,4.15,1.09,7.71,2.37,26,8,122,21.311475409836063,6.557377049180328,
695684,Elmer Rodríguez,147,New York Yankees,,13.0,3,238,4.15,1.85,4.15,6.23,6,9,64,9.375,14.0625,
664954,Brett Sullivan,115,Colorado Rockies,,4.1,0,59,4.15,1.62,2.08,2.08,1,1,19,5.263157894736842,5.263157894736842,
622663,Luis Severino,133,Athletics,,62.2,12,1086,4.16,1.47,9.34,4.45,65,31,271,23.985239852398525,11.439114391143912,
571948,Hoby Milner,112,Chicago Cubs,,28.0,0,436,4.18,1.11,4.5,1.93,14,6,116,12.068965517241379,5.172413793103448,
621381,Matt Strahm,118,Kansas City Royals,,19.1,0,320,4.19,1.19,7.91,3.26,17,7,82,20.73170731707317,8.536585365853659,
573204,Caleb Thielbar,112,Chicago Cubs,,15.0,0,281,4.2,1.4,10.2,4.8,17,8,66,25.757575757575758,12.121212121212121,
650644,Aaron Civale,133,Athletics,,55.2,11,925,4.2,1.47,6.31,2.75,39,17,246,15.853658536585366,6.910569105691057,
690997,Nolan McLean,121,New York Mets,,66.1,12,1105,4.21,1.12,10.45,3.26,77,24,276,27.898550724637683,8.695652173913043,
669270,Joel Kuhnel,133,Athletics,,25.2,0,369,4.21,1.29,4.91,2.1,14,6,108,12.962962962962962,5.555555555555555,
625643,Reynaldo López,144,Atlanta Braves,,36.1,5,622,4.21,1.46,7.93,4.21,32,17,160,20.0,10.625,
664285,Framber Valdez,116,Detroit Tigers,,72.2,13,1172,4.21,1.32,7.31,3.34,59,27,317,18.61198738170347,8.517350157728707,
663372,Ryan Feltner,115,Colorado Rockies,,32.0,7,470,4.22,1.16,6.47,2.81,23,10,130,17.692307692307693,7.6923076923076925,
702070,Noah Cameron,118,Kansas City Royals,,59.2,11,959,4.22,1.26,8.45,2.56,56,17,252,22.22222222222222,6.746031746031746,
669022,MacKenzie Gore,140,Texas Rangers,,66.0,13,1161,4.23,1.29,9.55,4.09,70,30,283,24.73498233215548,10.60070671378092,
657277,Logan Webb,137,San Francisco Giants,,59.1,10,912,4.25,1.26,7.74,2.88,51,19,251,20.318725099601593,7.569721115537849,
672282,Reid Detmers,108,Los Angeles Angels,,74.0,13,1240,4.26,1.14,10.7,2.92,88,24,309,28.478964401294498,7.766990291262135,
669358,Shane Baz,110,Baltimore Orioles,,71.1,12,1161,4.29,1.37,7.95,3.66,63,29,305,20.655737704918035,9.508196721311474,
670280,David Bednar,147,New York Yankees,,25.0,0,478,4.32,1.52,10.44,3.96,29,11,114,25.438596491228072,9.649122807017543,
657756,Connor Seabold,141,Toronto Blue Jays,,18.2,0,335,4.34,1.5,7.23,2.89,15,6,84,17.857142857142858,7.142857142857142,
683004,Jack Leiter,140,Texas Rangers,,66.1,12,1126,4.34,1.33,10.04,3.8,74,28,287,25.78397212543554,9.75609756097561,
687562,Jake Bennett,111,Boston Red Sox,,10.1,2,171,4.35,1.45,3.48,3.48,4,4,42,9.523809523809524,9.523809523809524,
694680,Trevor Martin,139,Tampa Bay Rays,,10.1,0,166,4.35,1.65,5.23,3.48,6,4,50,12.0,8.0,
681402,Gus Varland,120,Washington Nationals,,22.2,0,384,4.37,1.63,7.94,4.37,20,11,104,19.230769230769234,10.576923076923077,
605488,Jeffrey Springs,133,Athletics,,70.0,13,1142,4.37,1.24,7.71,2.7,60,21,295,20.33898305084746,7.118644067796611,
573124,Taylor Rogers,142,Minnesota Twins,,24.2,0,412,4.38,1.5,6.57,2.19,18,6,108,16.666666666666664,5.555555555555555,
641743,Anthony Kay,145,Chicago White Sox,,61.1,11,1146,4.4,1.45,6.75,3.82,46,26,279,16.48745519713262,9.31899641577061,
680742,Jonathan Bowlan,143,Philadelphia Phillies,,18.1,0,317,4.42,1.2,8.84,1.96,18,4,76,23.684210526315788,5.263157894736842,
681517,Kyle Leahy,138,St. Louis Cardinals,,59.0,12,1024,4.42,1.58,7.17,3.66,47,24,269,17.472118959107807,8.921933085501859,
805123,AJ Blubaugh,117,Houston Astros,,40.2,0,705,4.43,1.28,7.75,4.87,35,22,173,20.23121387283237,12.716763005780345,
687606,Paxton Schultz,120,Washington Nationals,,24.1,1,425,4.44,1.36,9.62,2.59,26,7,108,24.074074074074073,6.481481481481481,
702193,Andrew Morris,142,Minnesota Twins,,26.1,2,495,4.44,1.63,8.2,3.42,24,10,122,19.672131147540984,8.19672131147541,
669461,Matthew Liberatore,138,St. Louis Cardinals,,66.1,13,1110,4.48,1.51,8.28,3.53,61,26,289,21.10726643598616,8.996539792387544,
665645,Kervin Castro,147,New York Yankees,,2.0,0,29,4.5,1.0,9.0,0.0,2,0,8,25.0,0.0,
690978,Dax Fulton,146,Miami Marlins,,4.0,0,64,4.5,1.25,6.75,4.5,3,2,16,18.75,12.5,
657612,Tim Hill,147,New York Yankees,,24.0,0,330,4.5,1.33,4.88,2.25,13,6,104,12.5,5.769230769230769,
663947,Tyler Holton,116,Detroit Tigers,,28.0,2,474,4.5,1.46,7.71,2.57,24,8,120,20.0,6.666666666666667,
686790,Trevor McDonald,137,San Francisco Giants,,34.0,6,511,4.5,1.15,8.21,2.38,31,9,144,21.52777777777778,6.25,
680951,Doug Nikhazy,145,Chicago White Sox,,2.0,0,39,4.5,1.5,4.5,9.0,1,2,9,11.11111111111111,22.22222222222222,
601713,Nick Pivetta,135,San Diego Padres,,16.0,4,283,4.5,1.13,13.5,3.38,24,6,66,36.36363636363637,9.090909090909092,
642048,Tayler Saucedo,108,Los Angeles Angels,,2.0,0,29,4.5,1.0,13.5,0.0,3,0,8,37.5,0.0,
686218,Emmet Sheehan,119,Los Angeles Dodgers,,58.0,11,969,4.5,1.16,9.62,2.17,62,14,239,25.94142259414226,5.857740585774058,
608371,Lucas Sims,145,Chicago White Sox,,10.0,0,171,4.5,1.6,9.0,6.3,10,7,46,21.73913043478261,15.217391304347828,
677020,Josh Walker,110,Baltimore Orioles,,4.0,0,69,4.5,1.25,11.25,4.5,5,2,16,31.25,12.5,
810938,Ben Williamson,139,Tampa Bay Rays,,2.0,0,18,4.5,1.0,0.0,4.5,0,1,8,0.0,12.5,
621111,Walker Buehler,135,San Diego Padres,,57.2,12,964,4.53,1.28,7.65,3.12,49,20,244,20.081967213114755,8.19672131147541,
702275,JR Ritchie,144,Atlanta Braves,,25.2,5,449,4.56,1.44,7.36,5.61,21,16,114,18.421052631578945,14.035087719298245,
666200,Jesús Luzardo,143,Philadelphia Phillies,,73.0,13,1243,4.56,1.33,9.86,2.59,80,21,312,25.64102564102564,6.730769230769231,
676440,Tanner Bibee,114,Cleveland Guardians,,69.0,13,1142,4.57,1.3,7.83,2.87,60,22,290,20.689655172413794,7.586206896551724,
669160,Dustin May,138,St. Louis Cardinals,,66.2,12,1049,4.59,1.29,8.1,2.57,60,19,279,21.50537634408602,6.810035842293908,
641927,Bailey Ober,142,Minnesota Twins,,66.2,12,1032,4.59,1.22,6.21,2.43,46,18,281,16.370106761565836,6.405693950177936,
645261,Sandy Alcantara,146,Miami Marlins,,82.1,13,1250,4.59,1.3,6.23,2.3,57,21,349,16.332378223495702,6.017191977077363,
607067,Colin Rea,112,Chicago Cubs,,64.2,10,1071,4.59,1.35,7.24,3.06,52,22,278,18.705035971223023,7.913669064748201,
691587,Eury Pérez,146,Miami Marlins,,62.2,12,1063,4.6,1.26,10.34,4.02,72,28,265,27.169811320754718,10.566037735849058,
669194,Ryne Nelson,109,Arizona Diamondbacks,,72.1,13,1115,4.6,1.18,6.84,2.61,55,21,304,18.092105263157894,6.907894736842106,
677865,Justin Bruihl,138,St. Louis Cardinals,,27.1,0,487,4.61,1.46,5.93,4.28,18,13,125,14.399999999999999,10.4,
663485,Cole Sands,142,Minnesota Twins,,11.2,0,181,4.63,1.37,8.49,3.09,11,4,50,22.0,8.0,
608718,Brent Suter,108,Los Angeles Angels,,33.0,2,551,4.64,1.3,7.64,3.27,28,12,135,20.74074074074074,8.88888888888889,
679775,Kyle Backhus,143,Philadelphia Phillies,,9.2,1,161,4.66,1.24,9.31,0.93,10,1,41,24.390243902439025,2.4390243902439024,
670990,Yohan Ramírez,134,Pittsburgh Pirates,,36.2,0,593,4.66,1.31,10.06,4.42,41,18,162,25.308641975308642,11.11111111111111,
656730,Trevor Megill,158,Milwaukee Brewers,,23.0,0,365,4.7,1.13,11.35,2.74,29,7,97,29.896907216494846,7.216494845360824,
669438,Mason Englert,139,Tampa Bay Rays,,21.0,1,342,4.71,1.43,6.86,1.71,16,4,92,17.391304347826086,4.3478260869565215,
688107,Robert Gasser,158,Milwaukee Brewers,,13.1,3,251,4.73,1.43,8.1,4.73,12,7,62,19.35483870967742,11.29032258064516,
684007,Shota Imanaga,112,Chicago Cubs,,76.0,13,1172,4.74,1.08,8.76,2.25,74,19,308,24.025974025974026,6.1688311688311686,
682254,Mason Montgomery,134,Pittsburgh Pirates,,24.2,3,427,4.74,1.34,11.68,4.38,32,12,106,30.18867924528302,11.320754716981133,
670970,Adrian Morejon,135,San Diego Padres,,30.1,0,502,4.75,1.19,10.38,2.08,35,7,128,27.34375,5.46875,
641793,Zack Littell,120,Washington Nationals,,64.1,9,984,4.76,1.31,5.46,2.8,39,20,278,14.028776978417264,7.194244604316546,
643377,Griffin Jax,139,Tampa Bay Rays,,34.0,7,560,4.76,1.47,8.47,4.24,32,16,147,21.768707482993197,10.884353741496598,
662253,Andrés Muñoz,136,Seattle Mariners,,22.2,0,393,4.76,1.28,13.9,2.78,35,7,99,35.35353535353536,7.07070707070707,
445276,Kenley Jansen,116,Detroit Tigers,,15.0,0,264,4.8,1.2,11.4,5.4,19,9,62,30.64516129032258,14.516129032258066,
676083,Janson Junk,146,Miami Marlins,,60.0,11,955,4.8,1.3,6.45,1.95,43,13,255,16.862745098039216,5.098039215686274,
656605,Mitch Keller,134,Pittsburgh Pirates,,73.0,13,1140,4.81,1.23,6.78,2.84,55,23,305,18.0327868852459,7.540983606557377,
642121,Cole Sulser,139,Tampa Bay Rays,,24.1,1,429,4.81,1.52,7.4,3.33,20,9,109,18.34862385321101,8.256880733944955,
683003,Jared Jones,134,Pittsburgh Pirates,,9.1,2,151,4.82,1.61,9.64,3.86,10,4,42,23.809523809523807,9.523809523809524,
670950,Trevor Richards,145,Chicago White Sox,,18.2,0,275,4.82,1.07,7.23,2.41,15,5,75,20.0,6.666666666666667,
489446,Kirby Yates,108,Los Angeles Angels,,9.1,0,168,4.82,1.29,11.57,3.86,12,4,42,28.57142857142857,9.523809523809524,
666142,Cole Ragans,118,Kansas City Royals,,35.1,8,639,4.84,1.42,11.46,5.86,45,23,151,29.80132450331126,15.2317880794702,
608337,Lucas Giolito,135,San Diego Padres,,16.2,4,315,4.86,1.74,5.94,7.02,11,13,75,14.666666666666666,17.333333333333336,
702474,Mike Paredes,142,Minnesota Twins,,7.1,0,115,4.91,1.09,4.91,4.91,4,4,32,12.5,12.5,
677944,Slade Cecconi,114,Cleveland Guardians,,67.2,13,1107,4.92,1.43,7.18,2.79,54,21,293,18.43003412969283,7.167235494880546,
607200,Erick Fedde,145,Chicago White Sox,,58.1,8,997,4.94,1.41,5.55,3.7,36,24,254,14.173228346456693,9.448818897637794,
607455,Anthony Banda,142,Minnesota Twins,,27.1,0,487,4.94,1.28,8.56,3.95,26,12,122,21.311475409836063,9.836065573770492,
621366,Ryan Borucki,137,San Francisco Giants,,23.2,0,380,4.94,1.52,5.7,3.42,15,9,104,14.423076923076922,8.653846153846153,
664875,Justin Lawrence,142,Minnesota Twins,,23.2,0,434,4.94,1.61,10.65,5.7,28,15,117,23.931623931623932,12.82051282051282,
646241,Enmanuel De Jesus,116,Detroit Tigers,,25.1,0,427,4.97,1.42,8.88,3.91,25,11,112,22.321428571428573,9.821428571428571,
592773,Ryne Stanek,138,St. Louis Cardinals,,25.1,0,503,4.97,1.62,11.01,6.39,31,18,117,26.495726495726498,15.384615384615385,
665795,Edward Cabrera,112,Chicago Cubs,,57.2,11,954,4.99,1.42,8.27,3.28,53,21,247,21.45748987854251,8.502024291497975,
656234,Jake Bird,147,New York Yankees,,18.0,0,313,5.0,1.33,10.0,2.5,20,5,79,25.31645569620253,6.329113924050633,
696149,Bubba Chandler,134,Pittsburgh Pirates,,57.0,12,1031,5.05,1.53,8.68,6.0,55,38,259,21.235521235521233,14.671814671814673,
623474,Jimmy Herget,115,Colorado Rockies,,16.0,3,287,5.06,1.38,9.56,2.25,17,4,70,24.285714285714285,5.714285714285714,
640455,Sean Manaea,121,New York Mets,,39.0,0,710,5.08,1.46,9.69,3.69,42,16,176,23.863636363636363,9.090909090909092,
689296,Anthony Nunez,110,Baltimore Orioles,,30.0,0,494,5.1,1.3,10.2,3.3,34,11,131,25.954198473282442,8.396946564885496,
683232,Nick Mears,118,Kansas City Royals,,19.1,0,341,5.12,1.5,6.98,5.12,15,11,83,18.072289156626507,13.253012048192772,
700249,Cade Povich,110,Baltimore Orioles,,19.1,3,304,5.12,1.34,5.59,3.26,12,7,82,14.634146341463413,8.536585365853659,
643410,Mark Leiter Jr.,133,Athletics,,26.1,0,420,5.13,1.37,9.23,2.73,27,8,113,23.893805309734514,7.079646017699115,
592791,Jameson Taillon,112,Chicago Cubs,,66.2,12,1094,5.13,1.26,7.7,2.84,57,21,280,20.357142857142858,7.5,
690155,Matt Pushard,138,St. Louis Cardinals,,7.0,0,120,5.14,1.43,7.71,5.14,6,4,32,18.75,12.5,
670245,Ryan Watson,111,Boston Red Sox,,36.2,0,616,5.15,1.45,7.61,3.93,31,16,164,18.902439024390244,9.75609756097561,
677053,Andrew Nardi,146,Miami Marlins,,22.2,0,378,5.16,1.41,10.72,4.37,27,11,99,27.27272727272727,11.11111111111111,
671212,Joe Boyle,139,Tampa Bay Rays,,15.2,3,263,5.17,1.09,9.19,3.45,16,6,66,24.242424242424242,9.090909090909092,
656849,David Peterson,121,New York Mets,,57.1,7,941,5.18,1.59,8.79,3.77,56,24,266,21.052631578947366,9.022556390977442,
685005,Christian Roa,117,Houston Astros,,8.2,0,178,5.19,1.96,6.23,7.27,6,7,43,13.953488372093023,16.27906976744186,
663623,Jake Irvin,120,Washington Nationals,,51.2,11,949,5.23,1.35,10.1,3.83,58,22,228,25.438596491228072,9.649122807017543,
688883,Peyton Pallette,114,Cleveland Guardians,,20.2,0,442,5.23,1.6,9.58,6.97,22,16,97,22.68041237113402,16.49484536082474,
680730,Mitchell Parker,120,Washington Nationals,,31.0,0,507,5.23,1.16,7.55,2.32,26,8,131,19.84732824427481,6.106870229007633,
693855,Ian Seymour,139,Tampa Bay Rays,,31.0,1,503,5.23,1.35,9.58,4.35,33,15,134,24.62686567164179,11.194029850746269,
686799,Jack Kochanowicz,108,Los Angeles Angels,,63.2,12,1068,5.23,1.48,6.5,4.95,46,35,288,15.972222222222221,12.152777777777777,
837227,Tatsuya Imai,117,Houston Astros,,34.1,8,658,5.24,1.4,9.44,6.03,36,23,150,24.0,15.333333333333332,
642701,Dennis Santana,134,Pittsburgh Pirates,,25.2,0,444,5.26,1.56,7.36,4.91,21,14,117,17.94871794871795,11.965811965811966,
687570,Connor Prielipp,142,Minnesota Twins,,39.1,8,708,5.26,1.35,9.61,3.89,42,17,173,24.277456647398843,9.826589595375722,
500779,Jose Quintana,115,Colorado Rockies,,41.0,9,687,5.27,1.51,4.39,3.73,20,17,181,11.049723756906078,9.392265193370166,
605135,Chris Bassitt,110,Baltimore Orioles,,56.1,10,979,5.27,1.63,5.91,3.51,37,22,261,14.17624521072797,8.42911877394636,
641401,Connor Brogdon,114,Cleveland Guardians,,15.1,0,267,5.28,1.11,8.22,1.76,14,3,67,20.8955223880597,4.477611940298507,
688158,David Morgan,135,San Diego Padres,,15.1,0,293,5.28,1.89,9.98,6.46,17,11,75,22.666666666666664,14.666666666666666,
656427,Jack Flaherty,116,Detroit Tigers,,57.2,13,1139,5.31,1.6,10.92,4.99,70,32,271,25.830258302583026,11.808118081180812,
668678,Zac Gallen,109,Arizona Diamondbacks,,64.1,13,1107,5.32,1.52,6.02,2.8,43,20,286,15.034965034965033,6.993006993006993,
656212,Charlie Barnes,119,Los Angeles Dodgers,,5.0,0,87,5.4,1.8,3.6,7.2,2,4,25,8.0,16.0,
675989,Cody Bolton,117,Houston Astros,,20.0,3,391,5.4,1.75,9.9,6.3,22,14,95,23.157894736842106,14.736842105263156,
680728,Adrian Del Castillo,109,Arizona Diamondbacks,,1.2,0,17,5.4,2.4,0.0,0.0,0,0,10,0.0,0.0,
820862,José Fermin,108,Los Angeles Angels,,15.0,0,301,5.4,1.67,10.8,7.8,18,13,71,25.352112676056336,18.30985915492958,
683742,Jose Franco,113,Cincinnati Reds,,16.2,0,300,5.4,1.92,7.02,7.56,13,14,79,16.455696202531644,17.72151898734177,
606996,Kyle Hart,135,San Diego Padres,,16.2,0,259,5.4,1.08,5.4,3.24,10,6,68,14.705882352941178,8.823529411764707,
695076,Rhett Lowder,113,Cincinnati Reds,,38.1,8,651,5.4,1.41,6.34,4.23,27,18,166,16.265060240963855,10.843373493975903,
664238,Dylan Moore,143,Philadelphia Phillies,,1.2,0,21,5.4,1.2,0.0,5.4,0,1,8,0.0,12.5,
702281,Robby Snelling,146,Miami Marlins,,5.0,1,86,5.4,1.8,3.6,7.2,2,4,22,9.090909090909092,18.181818181818183,
677961,Cole Wilcox,136,Seattle Mariners,,13.1,0,270,5.4,2.18,10.13,8.1,15,12,70,21.428571428571427,17.142857142857142,
642207,Devin Williams,121,New York Mets,,20.0,0,360,5.4,1.55,13.95,5.85,31,13,89,34.831460674157306,14.606741573033707,
571927,Steven Matz,139,Tampa Bay Rays,,46.0,10,783,5.48,1.33,7.24,3.33,37,17,195,18.974358974358974,8.717948717948717,
605288,Adrian Houser,137,San Francisco Giants,,60.2,12,1007,5.49,1.58,5.93,3.56,40,24,278,14.388489208633093,8.633093525179856,
666157,Nick Lodolo,113,Cincinnati Reds,,32.2,6,555,5.51,1.47,6.89,3.86,25,14,145,17.24137931034483,9.655172413793103,
669212,Eli Morgan,118,Kansas City Royals,,16.1,0,302,5.51,1.9,8.27,4.41,15,8,81,18.51851851851852,9.876543209876543,
622491,Luis Castillo,136,Seattle Mariners,,55.1,10,1046,5.53,1.45,9.11,3.58,56,22,250,22.400000000000002,8.799999999999999,
683175,Connor Phillips,113,Cincinnati Reds,,27.2,0,546,5.53,1.77,9.11,9.11,28,28,133,21.052631578947366,21.052631578947366,
605400,Aaron Nola,143,Philadelphia Phillies,,61.2,12,1066,5.55,1.39,9.34,2.63,64,18,264,24.242424242424242,6.8181818181818175,
668390,Cole Winn,140,Texas Rangers,,19.1,0,334,5.59,1.5,10.71,3.26,23,7,89,25.842696629213485,7.865168539325842,
663855,Jordan Hicks,145,Chicago White Sox,,17.2,0,323,5.6,2.09,7.64,8.66,15,17,87,17.24137931034483,19.54022988505747,
518886,Craig Kimbrel,139,Tampa Bay Rays,,16.0,0,260,5.63,1.44,9.56,3.38,17,6,68,25.0,8.823529411764707,
681347,Mike Burrows,117,Houston Astros,,68.1,12,1105,5.66,1.54,7.51,3.42,57,26,300,19.0,8.666666666666668,
681168,Luis Curvelo,140,Texas Rangers,,6.1,0,87,5.68,1.58,4.26,2.84,3,2,28,10.714285714285714,7.142857142857142,
672335,Cionel Pérez,121,New York Mets,,19.0,0,335,5.68,1.53,6.16,5.21,13,11,84,15.476190476190476,13.095238095238097,
518876,Merrill Kelly,109,Arizona Diamondbacks,,58.1,10,942,5.71,1.49,5.71,3.86,37,25,259,14.285714285714285,9.652509652509652,
641778,Eric Lauer,119,Los Angeles Dodgers,,47.0,8,768,5.74,1.38,5.94,3.45,31,18,204,15.196078431372548,8.823529411764707,
608566,Germán Márquez,135,San Diego Padres,,29.2,6,501,5.76,1.45,5.76,3.64,19,12,128,14.84375,9.375,
666808,Camilo Doval,147,New York Yankees,,23.1,0,375,5.79,1.11,8.1,1.54,21,4,97,21.649484536082475,4.123711340206185,
687849,Zak Kent,120,Washington Nationals,,9.1,0,167,5.79,1.61,6.75,4.82,7,5,44,15.909090909090908,11.363636363636363,
663878,Nate Pearson,117,Houston Astros,,4.2,0,96,5.79,1.71,9.64,5.79,5,3,21,23.809523809523807,14.285714285714285,
519141,Drew Pomeranz,108,Los Angeles Angels,,18.2,0,315,5.79,1.71,7.23,5.79,15,12,89,16.853932584269664,13.48314606741573,
579328,Yusei Kikuchi,108,Los Angeles Angels,,31.0,7,567,5.81,1.58,9.58,4.06,33,14,142,23.239436619718308,9.859154929577464,
702273,Noah Schultz,145,Chicago White Sox,,38.2,8,652,5.82,1.34,7.68,5.12,33,22,168,19.642857142857142,13.095238095238097,
666171,Ryan Zeferjahn,108,Los Angeles Angels,,27.2,0,536,5.86,1.41,10.41,6.18,32,19,128,25.0,14.84375,
665871,Javier Assad,112,Chicago Cubs,,26.0,3,418,5.88,1.27,4.85,2.42,14,7,108,12.962962962962962,6.481481481481481,
663903,Brady Singer,113,Cincinnati Reds,,55.0,12,1003,5.89,1.69,6.87,3.11,42,19,258,16.27906976744186,7.3643410852713185,
621237,José Alvarado,143,Philadelphia Phillies,,21.1,0,426,5.91,1.73,11.39,3.8,27,9,104,25.961538461538463,8.653846153846153,
695534,Chase Petty,113,Cincinnati Reds,,10.2,2,137,5.91,1.22,1.69,2.53,2,3,45,4.444444444444445,6.666666666666667,
694297,Brandon Pfaadt,109,Arizona Diamondbacks,,38.0,3,627,5.92,1.5,7.34,4.03,31,17,171,18.128654970760234,9.941520467836257,
641312,Shaun Anderson,108,Los Angeles Angels,,16.2,0,284,5.94,1.5,6.48,4.32,12,8,73,16.43835616438356,10.95890410958904,
689441,Coleman Crow,158,Milwaukee Brewers,,16.2,4,276,5.94,1.5,5.4,2.7,10,5,76,13.157894736842104,6.578947368421052,
694341,Brendan Beck,147,New York Yankees,,3.0,0,52,6.0,1.67,3.0,9.0,1,3,13,7.6923076923076925,23.076923076923077,
571510,Matthew Boyd,112,Chicago Cubs,,24.0,5,430,6.0,1.29,11.63,2.25,31,6,100,31.0,6.0,
702021,Will Dion,114,Cleveland Guardians,,6.0,0,95,6.0,1.83,12.0,3.0,8,2,29,27.586206896551722,6.896551724137931,
669371,Cole Henry,120,Washington Nationals,,12.0,0,238,6.0,1.67,9.75,4.5,13,6,61,21.311475409836063,9.836065573770492,
802408,Brycen Mautz,138,St. Louis Cardinals,,3.0,0,59,6.0,2.0,6.0,6.0,2,2,14,14.285714285714285,14.285714285714285,
686678,Chase Solesky,139,Tampa Bay Rays,,3.0,0,58,6.0,2.33,12.0,3.0,4,1,17,23.52941176470588,5.88235294117647,
641816,Tyler Mahle,137,San Francisco Giants,,56.2,11,966,6.04,1.54,9.05,3.81,57,24,249,22.89156626506024,9.63855421686747,
661563,Luis Gil,147,New York Yankees,,19.1,4,337,6.05,1.34,4.19,5.12,9,11,85,10.588235294117647,12.941176470588237,
621383,Tanner Banks,143,Philadelphia Phillies,,23.2,0,442,6.08,1.9,10.27,4.18,27,11,116,23.275862068965516,9.482758620689655,
682227,Brandon Williamson,113,Cincinnati Reds,,28.0,6,518,6.11,1.64,6.11,6.43,19,20,128,14.84375,15.625,
687075,Brandon Sproat,158,Milwaukee Brewers,,54.0,10,964,6.17,1.56,9.0,4.83,54,29,240,22.5,12.083333333333334,
543056,Danny Coulombe,111,Boston Red Sox,,11.2,0,209,6.17,1.37,6.94,4.63,9,6,51,17.647058823529413,11.76470588235294,
668674,Lucas Erceg,118,Kansas City Royals,,23.1,0,438,6.17,1.93,8.1,6.17,21,16,108,19.444444444444446,14.814814814814813,
678022,Jack Perkins,133,Athletics,,32.0,1,544,6.19,1.28,10.97,2.53,39,9,144,27.083333333333332,6.25,
691725,Andrew Painter,143,Philadelphia Phillies,,58.0,11,1007,6.21,1.57,7.29,2.95,47,19,261,18.007662835249043,7.2796934865900385,
660761,José Suarez,133,Athletics,,30.1,1,590,6.23,1.95,10.68,5.04,36,17,147,24.489795918367346,11.564625850340136,
656546,Jeff Hoffman,141,Toronto Blue Jays,,27.1,0,517,6.26,1.68,15.48,3.29,47,10,129,36.434108527131784,7.751937984496124,
674370,Osvaldo Bido,145,Chicago White Sox,,18.2,0,317,6.27,1.34,5.3,4.82,11,10,81,13.580246913580247,12.345679012345679,
673929,Jordan Leasure,145,Chicago White Sox,,18.2,1,313,6.27,1.23,8.68,3.86,18,8,78,23.076923076923077,10.256410256410255,
669432,Trevor Rogers,110,Baltimore Orioles,,54.1,11,958,6.29,1.51,6.79,3.15,41,19,242,16.94214876033058,7.851239669421488,
676979,Garrett Crochet,111,Boston Red Sox,,30.0,6,518,6.3,1.47,11.1,3.3,37,11,138,26.811594202898554,7.971014492753622,
678394,Brayan Bello,111,Boston Red Sox,,61.0,8,1047,6.34,1.67,6.49,3.54,44,24,282,15.602836879432624,8.51063829787234,
664126,Pete Fairbanks,146,Miami Marlins,,17.0,1,316,6.35,1.35,12.18,4.24,23,8,75,30.666666666666664,10.666666666666668,
685299,Tanner Gordon,115,Colorado Rockies,,35.1,2,592,6.37,1.56,8.92,2.04,35,8,158,22.151898734177212,5.063291139240507,
571945,Miles Mikolas,120,Washington Nationals,,56.1,6,935,6.39,1.4,5.75,2.56,36,16,245,14.69387755102041,6.530612244897959,
672582,Angel Zerpa,158,Milwaukee Brewers,,12.2,0,216,6.39,1.74,5.68,4.26,8,6,55,14.545454545454545,10.909090909090908,
641941,Emilio Pagán,113,Cincinnati Reds,,14.0,0,229,6.43,1.43,7.07,3.86,11,6,62,17.741935483870968,9.67741935483871,
695380,Alex Hoppe,136,Seattle Mariners,,15.1,0,269,6.46,1.43,9.39,3.52,16,6,70,22.857142857142858,8.571428571428571,
676254,Ryan Walker,137,San Francisco Giants,,15.1,0,295,6.46,1.89,8.22,5.87,14,10,73,19.17808219178082,13.698630136986301,
689520,Cody Laweryson,142,Minnesota Twins,,8.1,0,137,6.48,1.08,11.88,3.24,11,3,37,29.72972972972973,8.108108108108109,
663574,Tony Santillan,113,Cincinnati Reds,,23.1,0,396,6.56,1.63,8.87,5.01,23,13,105,21.904761904761905,12.380952380952381,
675848,Juan Mejia,115,Colorado Rockies,,28.1,1,572,6.67,1.84,10.16,5.72,32,18,136,23.52941176470588,13.23529411764706,
669620,Brady Basso,133,Athletics,,2.2,0,45,6.75,2.25,3.38,3.38,1,1,14,7.142857142857142,7.142857142857142,
594027,Tyron Guerrero,111,Boston Red Sox,,5.1,0,96,6.75,1.5,15.19,1.69,9,1,24,37.5,4.166666666666666,
640451,Hunter Harvey,112,Chicago Cubs,,4.0,0,76,6.75,1.5,9.0,2.25,4,1,18,22.22222222222222,5.555555555555555,
682052,Jacob Lopez,133,Athletics,,50.2,10,978,6.75,1.84,6.75,5.86,38,33,243,15.637860082304528,13.580246913580247,
669684,Chris Murphy,145,Chicago White Sox,,9.1,0,164,6.75,2.04,8.68,7.71,9,8,46,19.565217391304348,17.391304347826086,
686610,Ken Waldichuk,120,Washington Nationals,,9.1,0,149,6.75,1.5,7.71,5.79,8,6,41,19.51219512195122,14.634146341463413,
621121,Lance McCullers Jr.,117,Houston Astros,,39.1,8,696,6.86,1.53,9.84,5.03,43,22,172,25.0,12.790697674418606,
676684,Will Vest,116,Detroit Tigers,,19.2,0,379,6.86,1.47,10.07,3.66,22,8,88,25.0,9.090909090909092,
663978,Chris Paddack,113,Cincinnati Reds,,45.2,9,833,6.9,1.71,6.9,3.35,35,17,215,16.27906976744186,7.906976744186046,
665660,Elvis Alvarado,133,Athletics,,11.2,0,226,6.94,1.63,9.26,5.4,12,7,52,23.076923076923077,13.461538461538462,
663765,Jake Woodford,158,Milwaukee Brewers,,23.1,0,400,6.94,1.76,7.71,2.7,20,7,112,17.857142857142858,6.25,
685801,Hunter Bigge,139,Tampa Bay Rays,,19.1,0,319,6.98,1.45,6.52,6.52,14,14,85,16.470588235294116,16.470588235294116,
664208,Phil Maton,112,Chicago Cubs,,20.1,0,400,7.08,1.72,10.18,4.87,23,11,97,23.711340206185564,11.34020618556701,
552640,Andrew Kittredge,110,Baltimore Orioles,,12.2,0,212,7.11,1.58,9.95,2.84,14,4,59,23.728813559322035,6.779661016949152,
681151,Jayden Murray,117,Houston Astros,,11.1,0,194,7.15,2.03,3.97,5.56,5,7,53,9.433962264150944,13.20754716981132,
656288,Griffin Canning,135,San Diego Padres,,27.2,6,466,7.16,1.55,8.78,4.88,27,15,120,22.5,12.5,
806188,Cade Gibson,146,Miami Marlins,,8.2,0,180,7.27,1.85,10.38,4.15,10,4,43,23.25581395348837,9.30232558139535,
682825,Luis Mey,113,Cincinnati Reds,,8.2,0,196,7.27,1.96,14.54,10.38,14,10,46,30.434782608695656,21.73913043478261,
686751,Seth Johnson,143,Philadelphia Phillies,,3.2,0,90,7.36,2.18,9.82,7.36,4,3,21,19.047619047619047,14.285714285714285,
605335,Brandon Leibrandt,113,Cincinnati Reds,,6.0,0,99,7.5,2.17,4.5,4.5,3,3,30,10.0,10.0,
650556,Bryan Abreu,117,Houston Astros,,20.1,0,422,7.52,2.02,12.39,10.62,28,24,102,27.450980392156865,23.52941176470588,
624522,Keegan Thompson,115,Colorado Rockies,,8.1,0,148,7.56,1.8,8.64,2.16,8,2,40,20.0,5.0,
678368,Valente Bellozo,115,Colorado Rockies,,10.2,0,170,7.59,1.59,6.75,5.91,8,7,48,16.666666666666664,14.583333333333334,
680802,Ryan Weiss,117,Houston Astros,,26.0,2,530,7.62,2.12,10.38,6.92,30,20,131,22.900763358778626,15.267175572519085,
607481,Aaron Bummer,144,Atlanta Braves,,15.1,0,283,7.63,1.83,7.63,5.87,13,10,77,16.883116883116884,12.987012987012985,
674444,Steven Cruz,118,Kansas City Royals,,15.1,0,294,7.63,1.76,12.91,6.46,22,11,73,30.136986301369863,15.068493150684931,
682995,Hunter Barco,134,Pittsburgh Pirates,,11.2,0,232,7.71,1.97,6.17,6.94,8,9,60,13.333333333333334,15.0,
606965,Chris Devenski,134,Pittsburgh Pirates,,2.1,0,39,7.71,2.14,11.57,0.0,3,0,12,25.0,0.0,
694851,Andrew Hoffmann,109,Arizona Diamondbacks,,11.2,0,230,7.71,2.06,9.26,6.17,12,8,59,20.33898305084746,13.559322033898304,
684320,Yariel Rodríguez,141,Toronto Blue Jays,,9.1,0,172,7.71,2.04,5.79,6.75,6,7,45,13.333333333333334,15.555555555555555,
681006,Josh Simpson,136,Seattle Mariners,,2.1,0,40,7.71,1.29,11.57,3.86,3,1,10,30.0,10.0,
680573,Simeon Woods Richardson,142,Minnesota Twins,,47.2,10,861,7.74,1.89,4.91,4.72,26,25,227,11.45374449339207,11.013215859030836,
688642,Zach Agnos,115,Colorado Rockies,,37.0,1,626,7.78,1.57,6.57,3.16,27,13,170,15.88235294117647,7.647058823529412,
455119,Chris Martin,140,Texas Rangers,,10.1,0,169,7.84,1.94,6.1,1.74,7,2,49,14.285714285714285,4.081632653061225,
680767,Victor Vodnik,115,Colorado Rockies,,18.0,0,336,8.0,2.11,8.0,6.5,16,13,90,17.77777777777778,14.444444444444443,
547179,Michael Lorenzen,115,Colorado Rockies,,60.2,13,1137,8.01,1.99,7.12,3.26,48,22,301,15.946843853820598,7.308970099667775,
623437,Justin Topa,142,Minnesota Twins,,19.0,0,359,8.05,2.0,5.68,5.21,12,11,92,13.043478260869565,11.956521739130435,
607536,Kyle Freeland,115,Colorado Rockies,,48.0,10,856,8.06,1.71,8.06,2.81,43,15,230,18.695652173913043,6.521739130434782,
641585,J.P. France,117,Houston Astros,,6.2,0,117,8.1,1.65,5.4,6.75,4,5,31,12.903225806451612,16.129032258064516,
695445,Chase Lee,141,Toronto Blue Jays,,3.1,0,56,8.1,1.8,2.7,10.8,1,4,15,6.666666666666667,26.666666666666668,
670090,Wyatt Mills,119,Los Angeles Dodgers,,3.1,0,82,8.1,3.0,2.7,18.9,1,7,21,4.761904761904762,33.33333333333333,
689818,David Sandlin,145,Chicago White Sox,,10.0,2,141,8.1,1.3,7.2,3.6,8,4,42,19.047619047619047,9.523809523809524,
656986,Bennett Sousa,117,Houston Astros,,3.1,0,73,8.1,2.4,10.8,13.5,4,5,17,23.52941176470588,29.411764705882355,
606303,Joel Payamps,144,Atlanta Braves,,7.2,0,151,8.22,1.7,10.57,4.7,9,4,36,25.0,11.11111111111111,
701519,Travis Adams,142,Minnesota Twins,,12.0,0,201,8.25,1.58,9.75,3.75,13,5,56,23.214285714285715,8.928571428571429,
804267,Zach Thornton,121,New York Mets,,4.1,1,80,8.31,1.38,6.23,4.15,3,2,19,15.789473684210526,10.526315789473683,
663362,Matt Waldron,135,San Diego Padres,,23.1,3,399,8.49,1.71,8.49,2.7,22,7,110,20.0,6.363636363636363,
664353,José Urquidy,134,Pittsburgh Pirates,,6.1,0,131,8.53,2.68,8.53,2.84,6,2,36,16.666666666666664,5.555555555555555,
693312,Kyle Nicolas,113,Cincinnati Reds,,7.1,0,198,8.59,2.86,8.59,15.95,7,13,42,16.666666666666664,30.952380952380953,
669211,Keegan Akin,110,Baltimore Orioles,,16.2,2,302,8.64,1.68,7.02,2.7,13,5,78,16.666666666666664,6.41025641025641,
694335,Matt Svanson,138,St. Louis Cardinals,,25.2,0,481,8.77,1.95,9.12,5.26,26,15,126,20.634920634920633,11.904761904761903,
606115,Orlando Arcia,142,Minnesota Twins,,1.0,0,14,9.0,3.0,0.0,18.0,0,2,5,0.0,40.0,
672021,Eric Cerantola,118,Kansas City Royals,,4.0,0,79,9.0,1.75,15.75,9.0,7,4,18,38.88888888888889,22.22222222222222,
683000,Riley Cornelio,120,Washington Nationals,,2.0,0,42,9.0,3.0,4.5,18.0,1,4,12,8.333333333333332,33.33333333333333,
671382,Cameron Foster,110,Baltimore Orioles,,9.0,0,189,9.0,2.78,9.0,8.0,9,8,49,18.367346938775512,16.3265306122449,
472610,Luis García,142,Minnesota Twins,,15.0,0,265,9.0,1.93,3.6,3.6,6,6,74,8.108108108108109,8.108108108108109,
689690,Alek Jacob,135,San Diego Padres,,2.0,0,45,9.0,2.5,13.5,9.0,3,2,12,25.0,16.666666666666664,
681432,Luke Little,112,Chicago Cubs,,1.0,0,19,9.0,2.0,9.0,0.0,1,0,5,20.0,0.0,
663967,César Salazar,117,Houston Astros,,1.0,0,10,9.0,1.0,0.0,0.0,0,0,4,0.0,0.0,
676742,Cam Sanders,134,Pittsburgh Pirates,,6.0,0,121,9.0,1.83,12.0,7.5,8,5,30,26.666666666666668,16.666666666666664,
805326,Tyler Schweitzer,145,Chicago White Sox,,4.0,0,76,9.0,2.0,2.25,6.75,1,3,20,5.0,15.0,
673540,Kodai Senga,121,New York Mets,,20.0,5,367,9.0,1.95,10.35,5.85,23,13,97,23.711340206185564,13.402061855670103,
693313,Carson Seymour,137,San Francisco Giants,,3.0,0,45,9.0,2.33,3.0,3.0,1,1,15,6.666666666666667,6.666666666666667,
669704,Kade Strowd,109,Arizona Diamondbacks,,1.0,0,32,9.0,4.0,9.0,27.0,1,3,7,14.285714285714285,42.857142857142854,
608723,Austin Voth,141,Toronto Blue Jays,,6.0,0,119,9.0,2.17,1.5,7.5,1,5,31,3.225806451612903,16.129032258064516,
592836,Taijuan Walker,143,Philadelphia Phillies,,22.2,4,424,9.13,2.07,6.75,4.37,17,11,115,14.782608695652174,9.565217391304348,
669920,Jason Alexander,117,Houston Astros,,18.1,2,299,9.33,1.58,6.87,3.93,14,8,84,16.666666666666664,9.523809523809524,
680570,Grayson Rodriguez,108,Los Angeles Angels,,18.0,4,355,9.5,1.89,8.5,5.5,17,11,86,19.767441860465116,12.790697674418606,
676508,Ben Casparius,119,Los Angeles Dodgers,,4.2,0,99,9.64,2.14,7.71,7.71,4,4,23,17.391304347826086,17.391304347826086,
701552,Andre Granillo,120,Washington Nationals,,9.1,0,198,9.64,2.25,2.89,7.71,3,8,50,6.0,16.0,
453286,Max Scherzer,141,Toronto Blue Jays,,18.2,5,343,9.64,1.61,4.82,3.86,10,8,84,11.904761904761903,9.523809523809524,
666201,Alek Manoah,108,Los Angeles Angels,,7.1,0,161,9.82,2.18,6.14,9.82,5,8,39,12.82051282051282,20.51282051282051,
670912,Johan Oviedo,111,Boston Red Sox,,3.2,0,72,9.82,1.91,7.36,2.45,3,1,18,16.666666666666664,5.555555555555555,
688497,Taylor Rashi,109,Arizona Diamondbacks,,3.2,0,45,9.82,1.09,9.82,2.45,4,1,15,26.666666666666668,6.666666666666667,
675919,Nick Raquet,110,Baltimore Orioles,,2.2,0,64,10.13,1.88,3.38,6.75,1,2,14,7.142857142857142,14.285714285714285,
605447,Jordan Romano,108,Los Angeles Angels,,8.0,0,192,10.13,2.13,13.5,6.75,12,6,42,28.57142857142857,14.285714285714285,
663465,Kolby Allard,114,Cleveland Guardians,,8.2,0,177,10.38,2.19,9.35,3.12,9,3,45,20.0,6.666666666666667,
663941,Tristan Beck,137,San Francisco Giants,,6.0,0,125,10.5,2.17,3.0,3.0,2,2,31,6.451612903225806,6.451612903225806,
621242,Edwin Díaz,119,Los Angeles Dodgers,,6.0,0,132,10.5,2.33,15.0,7.5,10,5,33,30.303030303030305,15.151515151515152,
687473,Ryan Gusto,146,Miami Marlins,,5.0,1,85,10.8,1.8,9.0,1.8,5,1,24,20.833333333333336,4.166666666666666,
668970,Gavin Hollowell,112,Chicago Cubs,,1.2,0,49,10.8,3.6,5.4,21.6,1,4,11,9.090909090909092,36.36363636363637,
656686,Corbin Martin,112,Chicago Cubs,,5.0,0,111,10.8,2.0,7.2,9.0,4,5,25,16.0,20.0,
681343,Shane Smith,145,Chicago White Sox,,8.1,3,225,10.8,2.52,11.88,9.72,11,9,49,22.448979591836736,18.367346938775512,
686475,Tyler Tolbert,118,Kansas City Royals,,1.2,0,35,10.8,3.0,0.0,5.4,0,1,9,0.0,11.11111111111111,
669169,Jonathan Heasley,139,Tampa Bay Rays,,4.0,0,64,11.25,2.0,4.5,0.0,2,0,19,10.526315789473683,0.0,
543510,James McCann,109,Arizona Diamondbacks,,4.0,0,63,11.25,3.0,0.0,6.75,0,3,23,0.0,13.043478260869565,
680704,Nick Sandlin,108,Los Angeles Angels,,8.2,0,157,11.42,1.62,6.23,5.19,6,5,40,15.0,12.5,
676467,Colton Gordon,117,Houston Astros,,9.1,1,202,11.57,2.57,10.61,2.89,11,3,50,22.0,6.0,
691946,George Klassen,108,Los Angeles Angels,,4.2,2,145,11.57,3.64,11.57,19.29,6,10,32,18.75,31.25,
676596,Josh Fleming,141,Toronto Blue Jays,,3.0,0,77,12.0,2.67,3.0,6.0,1,2,18,5.555555555555555,11.11111111111111,
605483,Blake Snell,119,Los Angeles Dodgers,,3.0,1,77,12.0,2.67,15.0,6.0,5,2,18,27.77777777777778,11.11111111111111,
688297,Chris Roycroft,138,St. Louis Cardinals,,3.2,0,97,12.27,3.55,7.36,12.27,3,5,25,12.0,20.0,
434378,Justin Verlander,116,Detroit Tigers,,3.2,1,80,12.27,2.18,2.45,4.91,1,2,19,5.263157894736842,10.526315789473683,
664299,Cristian Javier,117,Houston Astros,,9.1,3,176,12.54,2.36,3.86,8.68,4,9,48,8.333333333333332,18.75,
623168,Tyler Heineman,141,Toronto Blue Jays,,3.1,0,39,13.5,2.4,0.0,2.7,0,1,18,0.0,5.555555555555555,
696522,Hayden Juenger,141,Toronto Blue Jays,,2.0,0,47,13.5,2.0,0.0,9.0,0,2,10,0.0,20.0,
683766,Christian Koss,137,San Francisco Giants,,2.0,0,28,13.5,2.5,0.0,0.0,0,0,10,0.0,0.0,
664192,Joey Lucchesi,108,Los Angeles Angels,,3.1,0,111,13.5,3.9,10.8,16.2,4,6,24,16.666666666666664,25.0,
691548,Rolddy Muñoz,144,Atlanta Braves,,2.0,0,49,13.5,3.0,13.5,4.5,3,1,12,25.0,8.333333333333332,
687765,Mitch Spence,118,Kansas City Royals,,4.0,0,84,13.5,2.25,6.75,11.25,3,5,21,14.285714285714285,23.809523809523807,
663559,Bailey Falter,118,Kansas City Royals,,9.2,2,180,13.97,3.1,5.59,5.59,6,6,57,10.526315789473683,10.526315789473683,
624431,Jose Trevino,113,Cincinnati Reds,,5.0,0,72,14.4,3.0,1.8,1.8,1,1,29,3.4482758620689653,3.4482758620689653,
806960,Luis Morales,133,Athletics,,9.1,2,212,14.46,3.11,6.75,11.57,7,12,55,12.727272727272727,21.818181818181817,
666129,Braxton Garrett,146,Miami Marlins,,4.1,2,129,14.54,3.46,10.38,16.62,5,8,28,17.857142857142858,28.57142857142857,
696270,Ryan Johnson,108,Los Angeles Angels,,8.1,1,170,15.12,2.64,5.4,7.56,5,7,47,10.638297872340425,14.893617021276595,
642215,Weston Wilson,110,Baltimore Orioles,,2.1,0,41,15.43,2.57,0.0,0.0,0,0,13,0.0,0.0,
676568,Ricky Vanasco,116,Detroit Tigers,,6.1,0,170,15.63,3.16,5.68,8.53,4,6,40,10.0,15.0,
696136,Jordan Wicks,112,Chicago Cubs,,6.1,2,129,15.63,2.21,8.53,1.42,6,1,34,17.647058823529413,2.941176470588235,
682610,Roddery Muñoz,117,Houston Astros,,4.0,0,112,15.75,3.25,13.5,13.5,6,6,25,24.0,24.0,
547184,Michael Kelly,133,Athletics,,5.0,0,121,16.2,3.6,10.8,10.8,6,6,32,18.75,18.75,
687209,Zach Maxwell,113,Cincinnati Reds,,5.0,0,137,16.2,3.0,7.2,9.0,4,5,30,13.333333333333334,16.666666666666664,
691769,Philip Abner,109,Arizona Diamondbacks,,3.2,0,72,17.18,2.18,7.36,4.91,3,2,18,16.666666666666664,11.11111111111111,
624428,Adam Frazier,108,Los Angeles Angels,,2.0,0,45,18.0,4.5,0.0,9.0,0,2,14,0.0,14.285714285714285,
686753,Drey Jameson,109,Arizona Diamondbacks,,1.0,0,26,18.0,4.0,9.0,18.0,1,2,7,14.285714285714285,28.57142857142857,
608348,Carson Kelly,112,Chicago Cubs,,1.0,0,6,18.0,2.0,0.0,0.0,0,0,5,0.0,0.0,
699151,Jedixson Paez,145,Chicago White Sox,,3.0,0,65,18.0,2.33,0.0,9.0,0,3,16,0.0,18.75,
642152,Lou Trivino,110,Baltimore Orioles,,3.0,0,62,18.0,3.0,9.0,9.0,3,3,18,16.666666666666664,16.666666666666664,
605452,Joe Ross,109,Arizona Diamondbacks,,3.2,0,92,19.64,3.0,4.91,9.82,2,4,22,9.090909090909092,18.181818181818183,
656457,Tyler Gilbert,145,Chicago White Sox,,2.2,0,57,20.25,2.63,6.75,10.13,2,3,15,13.333333333333334,20.0,
695034,Kade Morris,133,Athletics,,4.0,1,90,20.25,3.0,9.0,6.75,4,3,22,18.181818181818183,13.636363636363635,
682274,Yaramil Hiraldo,110,Baltimore Orioles,,1.2,0,47,21.6,4.2,10.8,21.6,2,4,12,16.666666666666664,33.33333333333333,
676130,José Buttó,137,San Francisco Giants,,2.0,0,63,22.5,5.0,22.5,18.0,5,4,16,31.25,25.0,
678576,Wilkin Ramos,137,San Francisco Giants,,2.0,0,61,22.5,4.5,4.5,18.0,1,4,15,6.666666666666667,26.666666666666668,
686894,Joey Wiemer,120,Washington Nationals,,2.0,0,45,22.5,4.5,0.0,9.0,0,2,16,0.0,12.5,
663893,Brendon Little,141,Toronto Blue Jays,,3.2,0,93,24.55,3.55,14.73,7.36,6,3,24,25.0,12.5,
621053,Tyler Ferguson,133,Athletics,,1.1,0,26,27.0,3.0,6.75,0.0,1,0,8,12.5,0.0,
641656,Ian Hamilton,144,Atlanta Braves,,1.0,0,31,27.0,4.0,9.0,18.0,1,2,7,14.285714285714285,28.57142857142857,
671111,Sammy Peralta,115,Colorado Rockies,,0.2,1,23,27.0,6.0,13.5,27.0,1,2,7,14.285714285714285,28.57142857142857,
680689,Lyon Richardson,113,Cincinnati Reds,,1.2,1,41,27.0,2.4,16.2,10.8,3,2,10,30.0,20.0,
500743,Miguel Rojas,119,Los Angeles Dodgers,,2.0,0,41,27.0,5.0,0.0,4.5,0,1,17,0.0,5.88235294117647,
681806,Andrew Wantz,139,Tampa Bay Rays,,1.2,0,54,27.0,2.4,5.4,10.8,1,2,11,9.090909090909092,18.181818181818183,
689225,Beau Brieske,116,Detroit Tigers,,1.2,0,55,32.4,3.6,16.2,16.2,3,3,11,27.27272727272727,27.27272727272727,
671083,Buddy Kennedy,137,San Francisco Giants,,1.0,0,39,36.0,6.0,0.0,18.0,0,2,9,0.0,22.22222222222222,
678391,Jorbit Vivas,120,Washington Nationals,,0.2,0,12,40.5,6.0,0.0,0.0,0,0,6,0.0,0.0,
671131,Jackson Rutledge,120,Washington Nationals,,1.1,0,44,47.25,6.0,13.5,13.5,2,2,12,16.666666666666664,16.666666666666664,
687985,Josh White,146,Miami Marlins,,0.2,0,43,67.5,7.5,13.5,54.0,1,4,8,12.5,50.0,
605156,Aaron Brooks,139,Tampa Bay Rays,,0.1,0,17,81.0,9.0,0.0,54.0,0,2,4,0.0,50.0,
628708,Yunior Marte,113,Cincinnati Reds,,0.1,0,21,108.0,12.0,27.0,27.0,1,1,6,16.666666666666664,16.666666666666664,
608032,Carlos Estévez,118,Kansas City Royals,,0.1,0,27,162.0,18.0,0.0,54.0,0,2,7,0.0,28.57142857142857,
686563,Jonathan Cannon,145,Chicago White Sox,,0.0,0,14,,,,,0,3,3,0.0,100.0,
